{"sections":{"banner":{"type":"main-collection-banner","disabled":true,"settings":{"show_collection_description":false,"show_collection_image":false,"image_aspect":"custom","desktop_height":55,"mobile_height":55,"focal_point":"center","text_position":"center_center","text_position_mobile":"center_center","text_color":"#ffffff","color_overlay":"#000000","color_overlay_gradient":"","overlay_opacity":13,"enable_animation":true,"section_padding":"section--vertical-padding-none"}},"1664278184302d4f85":{"type":"rich-text","blocks":{"9e146caf-7da9-4963-9618-e29dbc9d8d26":{"type":"subheading","settings":{"subheading":"\"Our products are designed to give you the best period experience\"","subheading_font_class":"fs-heading-6-base"}}},"block_order":["9e146caf-7da9-4963-9618-e29dbc9d8d26"],"settings":{"alignment":"center_center","enable_animation":true,"divider_style":"none","section_padding":"section--vertical-padding-top-only","content_width":"custom","custom_content_width":700}},"product-grid":{"type":"main-collection-product-grid","settings":{"columns":"4","rows":"4","show_item_count":true,"show_sort":false,"show_filters":false,"enable_sticky_filter_bar":true,"collapse_filter_bar":true,"collapse_filter_groups_mobile":true,"show_swatch_filters":true,"show_chip_filters":true,"chip_layout":"3col","pagination":"paginated","enable_animation":true,"divider_style":"none"}}},"order":["banner","1664278184302d4f85","product-grid"]}