{"sections":{"banner":{"type":"main-collection-banner","settings":{"show_collection_description":true,"show_collection_image":false,"image_aspect":"custom","desktop_height":100,"mobile_height":100,"focal_point":"center","text_position":"center_center","text_position_mobile":"center_center","text_color":"#ffffff","color_overlay":"#000000","color_overlay_gradient":"","overlay_opacity":30,"enable_animation":true,"section_padding":"section--vertical-padding-none"}},"1664278184302d4f85":{"type":"rich-text","settings":{"alignment":"center_center","enable_animation":true,"divider_style":"none","section_padding":"section--vertical-padding-none","content_width":"custom","custom_content_width":700}},"product-grid":{"type":"main-collection-product-grid","settings":{"columns":"4","rows":"4","show_item_count":true,"show_sort":true,"show_filters":true,"enable_sticky_filter_bar":true,"collapse_filter_bar":true,"collapse_filter_groups_mobile":true,"show_swatch_filters":true,"show_chip_filters":true,"chip_layout":"3col","pagination":"paginated","enable_animation":true,"divider_style":"none"}}},"order":["banner","1664278184302d4f85","product-grid"]}