{"sections":{"slideshow_43MLKc":{"type":"slideshow","blocks":{"slide_CUdERF":{"type":"slide","settings":{"image":"shopify:\/\/shop_images\/sdfsdfdf.jpg","image_mobile":"shopify:\/\/shop_images\/dsadasd.jpg","focal_point":"center","mobile_focal_point":"center","media_link":"","text_position":"flex-start_center","text_position_mobile":"flex-start_center","accent":"","title":"Le shift inverse le stress en ralentissant votre expiration.","heading_font_class":"fs-heading-display-3","subheading":"","subheading_font_class":"fs-heading-5-base","text":"<p>✔ Réduire la fréquence cardiaque<br\/>✔ Calmer l'anxiété<br\/>✔ Arrêter de fumer<br\/>✔ Créer des habitudes de méditation et de respiration<\/p>","text_font_class":"fs-body-100","link_1":"","link_text_1":"Read more","button_style_1":"btn--primary","link_2":"","link_text_2":"Read more","button_style_2":"btn--primary","text_color":"#000000","button_background_color":"#ffffff","button_text_color":"#000000","color_overlay":"#000000","color_overlay_gradient":"","overlay_opacity":0}}},"block_order":["slide_CUdERF"],"settings":{"image_aspect":"original","desktop_height":100,"mobile_height":100,"enable_autoplay":true,"duration_autoplay":6,"navigation_alignment":"center","navigation_color_foreground":"#ffffff","navigation_color_background":"","navigation_background_opacity":100,"enable_animation":true,"section_padding":"none"}},"ba76c276-44cf-49e6-8c84-63c8c0d090e8":{"type":"multi-column","blocks":{"image_column_XjGARx":{"type":"image_column","settings":{"image":"shopify:\/\/shop_images\/WSJ_logo.png","image_width":100,"aspect_ratio":"natural","focal_point":"center","image_position":"above_text","image_link":"","small_caption":"","accent":"","heading":"","heading_font_class":"fs-heading-3-base","text":"<p>Selon notre directrice de mode anxieuse qui en a acheté un en janvier, ça marche.<\/p>","text_font_class":"fs-body-100","text_max_width":100,"link":"","link_text":"","button_style":"btn--primary"}},"image_column_Hn4jGY":{"type":"image_column","settings":{"image":"shopify:\/\/shop_images\/Forbes_logo.png","image_width":100,"aspect_ratio":"natural","focal_point":"top","image_position":"above_text","image_link":"","small_caption":"","accent":"","heading":"","heading_font_class":"fs-heading-3-base","text":"<p>En gardant à l’esprit la sagesse ancienne et la science moderne, le shift est un outil de pleine conscience simple, sans technologie, extraordinairement apaisant.<\/p>","text_font_class":"fs-body-100","text_max_width":100,"link":"","link_text":"","button_style":"btn--primary"}},"image_column_gKEjgW":{"type":"image_column","settings":{"image":"shopify:\/\/shop_images\/Popsugar_logo.png","image_width":100,"aspect_ratio":"natural","focal_point":"center","image_position":"above_text","image_link":"","small_caption":"","accent":"","heading":"","heading_font_class":"fs-heading-3-base","text":"<p>Cela ressemble à une couverture de sécurité portable.<\/p>","text_font_class":"fs-body-100","text_max_width":100,"link":"","link_text":"","button_style":"btn--primary"}},"image_column_qCFzdP":{"type":"image_column","disabled":true,"settings":{"image_width":50,"aspect_ratio":"square","focal_point":"center","image_position":"above_text","image_link":"","small_caption":"","accent":"","heading":"1000's Of Happy Customers","heading_font_class":"fs-heading-3-base","text":"","text_font_class":"fs-body-100","text_max_width":100,"link":"","link_text":"","button_style":"btn--primary"}}},"block_order":["image_column_XjGARx","image_column_Hn4jGY","image_column_gKEjgW","image_column_qCFzdP"],"custom_css":[".multi-column__inner {justify-content: center; max-width: 1200px; font-size: 108px;}","p {font-size: 18px;}",".horizontal-scroll-container {background-color: #f8efe9 !important;}"],"settings":{"title":"","subheading":"","heading_font_class":"fs-heading-3-base","heading_alignment":"center","content_vertical_alignment":"top","content_background_padding":"medium","columns":"3","column_spacing":28,"row_spacing":28,"column_alignment":"center","columns_mobile":"1","column_spacing_mobile":4,"row_spacing_mobile":4,"column_alignment_mobile":"center","background_behind_columns":false,"background_color":"#f8efe9","text_color":"#000000","button_background_color":"#000000","button_text_color":"#ffffff","enable_animation":true,"divider_style":"none","section_padding":"section--vertical-padding-top-bottom"}},"507c74be-35de-4e49-85a5-8ce2a010a493":{"type":"rich-text","blocks":{"template--14672470409310__507c74be-35de-4e49-85a5-8ce2a010a493-heading-1":{"type":"heading","settings":{"title":"De nombreux colliers ont déjà été vendus et nos clients sont pleinement satisfaits, et ce n'est que le début.","heading_font_class":"fs-heading-2-base"}},"template--14672470409310__507c74be-35de-4e49-85a5-8ce2a010a493-text-1":{"type":"text","disabled":true,"settings":{"text":"<p>Are you tired of the constant chorus of barking that disrupts the peace in your home? Our Anti-Barking Device is here to transform your living space into a haven of tranquility. Utilizing advanced technology, this device effectively addresses the challenge of persistent barking in a humane and efficient manner.<\/p>","text_font_class":"fs-body-100"}}},"block_order":["template--14672470409310__507c74be-35de-4e49-85a5-8ce2a010a493-heading-1","template--14672470409310__507c74be-35de-4e49-85a5-8ce2a010a493-text-1"],"custom_css":[".rich-text__inner {justify-content: center; max-width: 1150px;}"," {padding-top: 20px; background-color: #fdf8f4;}"],"settings":{"alignment":"center_center","enable_animation":true,"divider_style":"none","section_padding":"section--vertical-padding-top-bottom","content_width":"full","custom_content_width":700}},"custom_liquid_VzNKTq":{"type":"custom-liquid","custom_css":["{background-color: #fdf8f4;}"],"settings":{"custom_liquid":"<!DOCTYPE html>\n<html lang=\"en\">\n<head>\n    <meta charset=\"UTF-8\">\n    <meta name=\"viewport\" content=\"width=device-width, initial-scale=1.0\">\n    <title>Your Page Title<\/title>\n    <style>\n        .star-and-text {\n        max-width: 1000px;\n         align-items: center;\n         margin: 0 auto;\n            display: flex;\n            align-items: center;\n            justify-content: space-between;\n            \n        }\n\n        @media screen and (max-width: 767px) {\n            .star-and-text {\n                display: block;\n            }\n        }\n\n        .new-star {\n            display: flex;\n            align-items: center;\n            margin: 1rem 0;\n        }\n\n        .new-star img {\n            max-width: 100%;\n            height: auto;\n            border: none;\n            vertical-align: top;\n        }\n\n        .star-text {\n            padding-top: 6px;\n            margin-left: 10px;\n        }\n\n        .ab-flex-btn {\n            display: flex;\n            gap: 10px;\n            justify-content: space-between;\n        }\n\n        .Buttonnn--primary:not([disabled]) {\n            border-color: #000;\n        }\n\n        \/* Styling links as buttons *\/\n        .Buttonnn {\n            display: inline-block;\nfont-weight: 900;\n            padding: 17px 25px;\n            text-align: center;\n            text-decoration: none;\n            color: black;\n            background-color: ;\n            border: 1px solid black;\n            border-radius: 20px;\n            cursor: pointer;\n        }\n\n        .Buttonnn:hover {\n            background-color: #333;\n            color: #fff;\n        }\n\n        .Link--underline {\n            text-decoration: none;\n        }\n\n        \/* Hide button styles on small screens *\/\n        @media screen and (max-width: 767px) {\n        \n    \n        \n                   .Buttonnn {\n            display: inline-block;\n            padding: 0px 0px;\n            text-align: center;\n            \n            color: blue;\n            background-color: ;\n            border: none;\n            border-radius: 5px;\n            cursor: pointer;\n        }\n\n        .Buttonnn:hover {\n            background-color: #fff;\n            color: #000;\n        }\n        }\n    <\/style>\n<\/head>\n<body>\n\n<div class=\"star-and-text\">\n    <div class=\"new-star\">\n        <img src=\"https:\/\/cdn.shopify.com\/s\/files\/1\/0753\/8399\/6682\/files\/Stars_Reviews.png?v=1715000250\" alt=\"Stars\">\n        <div class=\"star-text\">4.8\/5<\/div>\n    <\/div>\n    <div class=\"ab-flex-btn\">\n        <a href=\"https:\/\/albalir.com\/products\/albalir\" class=\"Buttonnn Buttonnn--primary Link Link--underline\">Anxiété<\/a>\n        <a href=\"https:\/\/albalir.com\/products\/albalir\" class=\"Buttonnn Buttonnn--primary Link Link--underline\">Arrêter la nicotine<\/a>\n        <a href=\"https:\/\/albalir.com\/products\/albalir\" class=\"Buttonnn Buttonnn--primary Link Link--underline\">Stress chez les adolescents<\/a>\n    <\/div>\n<\/div>\n\n\n<\/body>\n<\/html>","divider_style":"none","section_padding":"section--vertical-padding-none"}},"multi_column_FcJcqp":{"type":"multi-column","blocks":{"image_column_6BTTyb":{"type":"image_column","settings":{"image":"shopify:\/\/shop_images\/22.jpg","image_width":100,"aspect_ratio":"natural","focal_point":"center","image_position":"above_text","image_link":"","small_caption":"","accent":"","heading":"","heading_font_class":"fs-heading-3-base","text":"","text_font_class":"fs-body-100","text_max_width":100,"link":"","link_text":"","button_style":"btn--primary"}},"image_column_FnJ7RM":{"type":"image_column","settings":{"image":"shopify:\/\/shop_images\/33.jpg","image_width":100,"aspect_ratio":"natural","focal_point":"top","image_position":"above_text","image_link":"","small_caption":"","accent":"","heading":"","heading_font_class":"fs-heading-3-base","text":"","text_font_class":"fs-body-100","text_max_width":100,"link":"","link_text":"","button_style":"btn--primary"}},"image_column_CehzA4":{"type":"image_column","settings":{"image":"shopify:\/\/shop_images\/11.jpg","image_width":100,"aspect_ratio":"natural","focal_point":"center","image_position":"above_text","image_link":"","small_caption":"","accent":"","heading":"","heading_font_class":"fs-heading-3-base","text":"","text_font_class":"fs-body-100","text_max_width":100,"link":"","link_text":"","button_style":"btn--primary"}},"image_column_XXkGT6":{"type":"image_column","disabled":true,"settings":{"image_width":50,"aspect_ratio":"square","focal_point":"center","image_position":"above_text","image_link":"","small_caption":"","accent":"","heading":"1000's Of Happy Customers","heading_font_class":"fs-heading-3-base","text":"","text_font_class":"fs-body-100","text_max_width":100,"link":"","link_text":"","button_style":"btn--primary"}}},"block_order":["image_column_6BTTyb","image_column_FnJ7RM","image_column_CehzA4","image_column_XXkGT6"],"disabled":true,"custom_css":[".multi-column__inner {justify-content: center; max-width: 1200px;}"],"settings":{"title":"","subheading":"","heading_font_class":"fs-heading-3-base","heading_alignment":"center","content_vertical_alignment":"top","content_background_padding":"medium","columns":"3","column_spacing":28,"row_spacing":28,"column_alignment":"center","columns_mobile":"1","column_spacing_mobile":4,"row_spacing_mobile":4,"column_alignment_mobile":"center","background_behind_columns":false,"background_color":"#fdf8f4","text_color":"#000000","button_background_color":"#000000","button_text_color":"#ffffff","enable_animation":true,"divider_style":"none","section_padding":"section--vertical-padding-top-bottom"}},"image_with_text_J6kkWQ":{"type":"image-with-text","blocks":{"image_LkyiiQ":{"type":"image","disabled":true,"settings":{"image_size":200,"image_size_mobile":200}},"heading_xR3FqR":{"type":"heading","settings":{"title":"Le shift combat le stress en prolongeant votre expiration.","heading_font_class":"fs-heading-1-base"}},"subheading_XrHHbf":{"type":"subheading","disabled":true,"settings":{"subheading":"Use these sections to promote a particular feature with editorial photography","subheading_font_class":"fs-heading-5-base"}},"text_LBDefw":{"type":"text","settings":{"text":"<p>Le shift facilite en douceur les longues expirations qui activent le nerf vague, apaisant ainsi l'esprit et le corps. En le portant, le shift favorise une habitude de respiration améliorée, contribuant ainsi à une meilleure qualité de vie.<\/p>","text_font_class":"fs-body-100"}},"button_fwy99C":{"type":"button","settings":{"link":"shopify:\/\/products\/albalir","link_text":"Achetez le shift","button_style":"btn--primary"}}},"block_order":["image_LkyiiQ","heading_xR3FqR","subheading_XrHHbf","text_LBDefw","button_fwy99C"],"settings":{"image_position":"left","text_alignment":"left","image":"shopify:\/\/shop_images\/5.webp","aspect_ratio":"landscape","focal_point":"center","image_caption":"","show_small_image":false,"image_small_aspect_ratio":"square","image_small_focal_point":"center","background_color":"#fdf8f4","text_color":"#222222","button_background_color":"#222222","button_text_color":"#ffffff","enable_animation":true,"divider_style":"none","section_padding":"section--vertical-padding-top-bottom"}},"orignal_multicolumn_8qwLEd":{"type":"Orignal-multicolumn","blocks":{"image_column_nzHYxA":{"type":"image_column","settings":{"image":"shopify:\/\/shop_images\/Untitled-1.jpg","image_width":50,"aspect_ratio":"natural","focal_point":"center","image_position":"above_text","image_link":"","small_caption":"","accent":"","heading":"Augmenter la concentration","heading_font_class":"fs-heading-4-base","text":"","text_font_class":"fs-body-100","text_max_width":100,"link":"","link_text":"","button_style":"btn--primary"}},"image_column_zUdL7a":{"type":"image_column","settings":{"image":"shopify:\/\/shop_images\/2.jpg","image_width":50,"aspect_ratio":"natural","focal_point":"center","image_position":"above_text","image_link":"","small_caption":"","accent":"","heading":"Mieux dormir","heading_font_class":"fs-heading-4-base","text":"","text_font_class":"fs-body-100","text_max_width":100,"link":"","link_text":"","button_style":"btn--primary"}},"image_column_rAhEnY":{"type":"image_column","settings":{"image":"shopify:\/\/shop_images\/3.jpg","image_width":50,"aspect_ratio":"natural","focal_point":"center","image_position":"above_text","image_link":"","small_caption":"","accent":"","heading":"Réduire l'anxiété et le stress","heading_font_class":"fs-heading-4-base","text":"","text_font_class":"fs-body-100","text_max_width":100,"link":"","link_text":"","button_style":"btn--primary"}},"image_column_xBBqPa":{"type":"image_column","settings":{"image":"shopify:\/\/shop_images\/4.jpg","image_width":50,"aspect_ratio":"natural","focal_point":"center","image_position":"above_text","image_link":"","small_caption":"","accent":"","heading":"Fréquence cardiaque plus faible","heading_font_class":"fs-heading-4-base","text":"","text_font_class":"fs-body-100","text_max_width":100,"link":"","link_text":"","button_style":"btn--primary"}}},"block_order":["image_column_nzHYxA","image_column_zUdL7a","image_column_rAhEnY","image_column_xBBqPa"],"custom_css":[".multi-column__inner {justify-content: center; max-width: 1200px; font-size: 108px;}","img {justify-content: center; align-items: center; padding-left: 10px; padding-right: 10px;}",".horizontal-scroll-container {background-color: #fff;}"],"settings":{"title":"","subheading":"","heading_font_class":"fs-heading-3-base","heading_alignment":"center","content_vertical_alignment":"top","content_background_padding":"medium","columns":"4","column_spacing":28,"row_spacing":28,"column_alignment":"center","columns_mobile":"2","column_spacing_mobile":20,"row_spacing_mobile":20,"column_alignment_mobile":"center","background_behind_columns":false,"background_color":"#ffffff","text_color":"#000000","button_background_color":"#000000","button_text_color":"#ffffff","enable_animation":true,"divider_style":"none","section_padding":"section--vertical-padding-top-bottom"}},"ed2b10bd-ca1a-40f0-bd58-5caad258f4af":{"type":"image-with-text","blocks":{"image_TRNgGq":{"type":"image","disabled":true,"settings":{"image_size":200,"image_size_mobile":200}},"template--21371177533752__ed2b10bd-ca1a-40f0-bd58-5caad258f4af-heading-1":{"type":"heading","settings":{"title":"La formule de calme la plus rapide.","heading_font_class":"fs-heading-1-base"}},"de14c1f8-30cb-4708-8ce9-2a7b305d463c":{"type":"text","settings":{"text":"<p>L'Université de Stanford a testé le soupir physiologique comme moyen le plus rapide de calmer le système nerveux. Le shift le rend facile et habituel.<\/p>","text_font_class":"fs-body-100"}},"custom_liquid_pTY4ka":{"type":"custom_liquid","settings":{"custom_liquid":"<!DOCTYPE html>\n<html lang=\"en\">\n<head>\n<meta charset=\"UTF-8\">\n<meta name=\"viewport\" content=\"width=device-width, initial-scale=1.0\">\n<title>Breathing Exercise<\/title>\n<style>\n  .circle {\n    display: inline-block;\n    width: 30px;\n    height: 30px;\n    border-radius: 50%;\n    text-align: center;\n    line-height: 30px;\n    margin-right: 10px;\n    color: #fff;\n\n  }\n\n  .circle-1,\n  .circle-3 {\n    background-color:#364048;\n  }\n\n  .circle-2 {\n    background-color: #9FBECF;\n    color: #fff;\n  }\n@media (min-width: 768px) {\n    .circle {\n      margin-left: -40px !important;\n    }\n  }\n@media (max-width: 767px) {\n    .circle {\n      margin-left: -20px;\n    }\n  }\n  .white-text {\n    color: #fff;\n  }\n<\/style>\n<\/head>\n<body>\n  <div class=\"circle circle-1\">1<\/div><span class=\"white-text\">Inspirez PROFONDEMENT par le nez<\/span><br><br>\n  <div class=\"circle circle-2\">2<\/div><span class=\"white-text\">INSPIREZ à nouveau brusquement<\/span><br><br>\n  <div class=\"circle circle-3\">3<\/div><span class=\"white-text\">EXPIREZ à travers le shift pour relâcher les tensions<\/span>\n<\/body>\n<\/html>","divider_style":"none","section_padding":"section--vertical-padding-top-bottom"}},"template--21371177533752__ed2b10bd-ca1a-40f0-bd58-5caad258f4af-button-1":{"type":"button","settings":{"link":"shopify:\/\/products\/albalir","link_text":"Acheter maintenant","button_style":"btn--primary"}}},"block_order":["image_TRNgGq","template--21371177533752__ed2b10bd-ca1a-40f0-bd58-5caad258f4af-heading-1","de14c1f8-30cb-4708-8ce9-2a7b305d463c","custom_liquid_pTY4ka","template--21371177533752__ed2b10bd-ca1a-40f0-bd58-5caad258f4af-button-1"],"custom_css":["h2 {color: #9fbecf;}",".image-with-text {padding: 0px !important; max-width: 100%;}"," {background-color: #1a1e24;}",".image-with-text__text-container {margin-top: 10px; margin-bottom: 30px !important; padding: 25px !important; margin-right: 30px;}"],"settings":{"image_position":"left","text_alignment":"left","image":"shopify:\/\/shop_images\/Section_4_Photo.jpg","aspect_ratio":"square","focal_point":"center","image_caption":"","show_small_image":false,"image_small_aspect_ratio":"square","image_small_focal_point":"center","background_color":"rgba(0,0,0,0)","text_color":"#ffffff","button_background_color":"#9fbecf","button_text_color":"#1a1e24","enable_animation":true,"divider_style":"none","section_padding":"section--vertical-padding-top-bottom"}},"20b028b1-9f10-4655-8e75-f74589683dee":{"type":"multi-column","blocks":{"template--20744448606524__20b028b1-9f10-4655-8e75-f74589683dee-column-1":{"type":"column","settings":{"accent":"","heading":"Column","heading_font_class":"fs-heading-4-base","text":"<p>Use text to focus on your chosen product, collection, or blog post.<\/p>","text_font_class":"fs-body-100","text_max_width":100,"link":"","link_text":"","button_style":"btn--primary"}},"template--20744448606524__20b028b1-9f10-4655-8e75-f74589683dee-column-2":{"type":"column","settings":{"accent":"","heading":"Column","heading_font_class":"fs-heading-4-base","text":"<p>Use text to focus on your chosen product, collection, or blog post.<\/p>","text_font_class":"fs-body-100","text_max_width":100,"link":"","link_text":"","button_style":"btn--primary"}},"template--20744448606524__20b028b1-9f10-4655-8e75-f74589683dee-column-3":{"type":"column","settings":{"accent":"","heading":"Column","heading_font_class":"fs-heading-4-base","text":"<p>Use text to focus on your chosen product, collection, or blog post.<\/p>","text_font_class":"fs-body-100","text_max_width":100,"link":"","link_text":"","button_style":"btn--primary"}},"template--20744448606524__20b028b1-9f10-4655-8e75-f74589683dee-column-4":{"type":"column","settings":{"accent":"","heading":"Column","heading_font_class":"fs-heading-4-base","text":"<p>Use text to focus on your chosen product, collection, or blog post.<\/p>","text_font_class":"fs-body-100","text_max_width":100,"link":"","link_text":"","button_style":"btn--primary"}},"262b7f1d-314b-49d2-9514-382fa5417fc5":{"type":"image_column","settings":{"image_width":100,"aspect_ratio":"natural","focal_point":"center","image_position":"above_text","image_link":"","small_caption":"","accent":"","heading":"","heading_font_class":"fs-heading-4-base","text":"","text_font_class":"fs-body-100","text_max_width":100,"link":"","link_text":"","button_style":"btn--primary"}},"c05d977d-0eaa-4f97-a7d2-468884861671":{"type":"image_column","settings":{"image_width":100,"aspect_ratio":"natural","focal_point":"center","image_position":"above_text","image_link":"","small_caption":"","accent":"","heading":"","heading_font_class":"fs-heading-4-base","text":"","text_font_class":"fs-body-100","text_max_width":100,"link":"","link_text":"","button_style":"btn--primary"}},"d7c40f4f-3c32-47c9-8c8b-e2f5ee32ba2a":{"type":"image_column","settings":{"image_width":100,"aspect_ratio":"natural","focal_point":"center","image_position":"above_text","image_link":"","small_caption":"","accent":"","heading":"","heading_font_class":"fs-heading-4-base","text":"","text_font_class":"fs-body-100","text_max_width":100,"link":"","link_text":"","button_style":"btn--primary"}},"image_column_AW6JqA":{"type":"image_column","settings":{"image_width":100,"aspect_ratio":"natural","focal_point":"center","image_position":"above_text","image_link":"","small_caption":"","accent":"","heading":"","heading_font_class":"fs-heading-4-base","text":"","text_font_class":"fs-body-100","text_max_width":100,"link":"","link_text":"","button_style":"btn--primary"}},"image_column_jGqRQd":{"type":"image_column","settings":{"image_width":100,"aspect_ratio":"natural","focal_point":"center","image_position":"above_text","image_link":"","small_caption":"","accent":"","heading":"","heading_font_class":"fs-heading-4-base","text":"","text_font_class":"fs-body-100","text_max_width":100,"link":"","link_text":"","button_style":"btn--primary"}},"image_column_PfPg3c":{"type":"image_column","settings":{"image_width":100,"aspect_ratio":"natural","focal_point":"center","image_position":"above_text","image_link":"","small_caption":"","accent":"","heading":"","heading_font_class":"fs-heading-4-base","text":"","text_font_class":"fs-body-100","text_max_width":100,"link":"","link_text":"","button_style":"btn--primary"}}},"block_order":["template--20744448606524__20b028b1-9f10-4655-8e75-f74589683dee-column-1","template--20744448606524__20b028b1-9f10-4655-8e75-f74589683dee-column-2","template--20744448606524__20b028b1-9f10-4655-8e75-f74589683dee-column-3","template--20744448606524__20b028b1-9f10-4655-8e75-f74589683dee-column-4","262b7f1d-314b-49d2-9514-382fa5417fc5","c05d977d-0eaa-4f97-a7d2-468884861671","d7c40f4f-3c32-47c9-8c8b-e2f5ee32ba2a","image_column_AW6JqA","image_column_jGqRQd","image_column_PfPg3c"],"disabled":true,"custom_css":["{--grid-columns-mobile: 3;}"],"settings":{"title":"Our Happy Customers !","subheading":"<p>With our Satisfied customers, it’s clear to see why this is the top rated product to gift yourself or your loved ones in 2024<\/p>","heading_font_class":"fs-heading-3-base","heading_alignment":"center","content_vertical_alignment":"top","content_background_padding":"medium","columns":"6","column_spacing":28,"row_spacing":28,"column_alignment":"center","columns_mobile":"3","column_spacing_mobile":20,"row_spacing_mobile":20,"column_alignment_mobile":"center","background_behind_columns":false,"background_color":"#0c0720","text_color":"#c6bdff","button_background_color":"#000000","button_text_color":"#ffffff","enable_animation":true,"divider_style":"none","section_padding":"section--vertical-padding-top-bottom"}},"rich_text_ij3kM9":{"type":"rich-text","blocks":{"heading_6c7UFi":{"type":"heading","settings":{"title":"Prenez en considération les conseils des experts.","heading_font_class":"fs-heading-1-base"}}},"block_order":["heading_6c7UFi"],"custom_css":["{background-color: #fdf8f4;}"],"settings":{"alignment":"center_center","enable_animation":true,"divider_style":"none","section_padding":"section--vertical-padding-top-only","content_width":"custom","custom_content_width":700}},"custom_liquid_XDHT9R":{"type":"custom-liquid","custom_css":["h1,h2,h3,h4,p,div {color: #000;}"," {background-color: #fdf8f4;}"],"settings":{"custom_liquid":"<!DOCTYPE html>\n<html lang=\"en\">\n<head>\n    <meta charset=\"UTF-8\">\n    <meta name=\"viewport\" content=\"width=device-width, initial-scale=1.0\">\n    <title>Testimonials<\/title>\n    <style>\n        .testimonial-container {\n            display: flex;\n            justify-content: space-between;\n            width: 100%;\n            margin: 20px auto;\n            overflow-x: auto; \/* Horizontal scrolling for mobile *\/\n            white-space: nowrap; \/* Prevent wrapping of testimonials *\/\n        \n            position: relative; \/* Position relative for scrollbar dots *\/\n        }\n\/* Styling for Webkit browsers (Chrome, Safari) *\/\n::-webkit-scrollbar {\n    width: 10px; \/* Width of the scrollbar *\/\n    height: 5px;\n}\n\n::-webkit-scrollbar-track {\n    background: #f1f1f1; \/* Color of the scrollbar track *\/\n}\n\n::-webkit-scrollbar-thumb {\n    background: #888; \/* Color of the scrollbar thumb *\/\n    border-radius: 5px; \/* Rounded corners of the scrollbar thumb *\/\n}\n\n::-webkit-scrollbar-thumb:hover {\n    background: #555; \/* Color of the scrollbar thumb on hover *\/\n}\n\n        .testimonial {\n            flex: 0 0 calc(33.33% - 20px); \/* Three columns by default *\/\n           \n           \n            overflow: hidden;\npadding-right: 50px;\npadding-left: 50px;\n            margin-bottom: 20px;\n            margin-right: 20px; \/* Add margin between testimonials *\/\n            white-space: normal; \/* Reset white-space property *\/\n             border-right: 1px solid #000;\n             \n        }\n\n        .author-name {\n            font-size: 1.2em;\n            padding-bottom: 10px;\n            margin-bottom: 10px;\n        }\n\n        .author-comment {\n            font-style: italic;\n            color: #000;\n        }\n\n        .author-photo {\n            float: left;\n            width: 25%;\n   \n            margin-right: 20px;\n            border-radius: 100%;\n            max-height: 80px;\n            max-width: 80px;\n        }\n\n      \n\n        \/* Media query for mobile devices *\/\n        @media (max-width: 768px) {\n           .testimonial-container {\n        justify-content: flex-start;\n        overflow-x: auto;\n        overflow-y: hidden;\n   \n    }\n\n    .testimonial {\n        flex: 0 0 100%; \/* One column on mobile *\/\n        margin-right: 0; \/* Remove margin on mobile *\/\n        border-right: none;\n    }\n\n\n\n    <\/style>\n<\/head>\n<body>\n\n<div class=\"testimonial-container\" id=\"testimonial-container\">\n    <div class=\"testimonial\">\n        <div class=\"author-info\">\n            <div class=\"author-name\">Alice<\/div>\n            <div class=\"author-comment\">“J'ai trouvé cela incroyablement bénéfique. Ce qui est vraiment génial avec le shift, c'est qu'on peut le porter autour du cou et qu'on développe l'habitude de l'utiliser pour apaiser son esprit. Je recommanderais ce produit à tout le monde, multiplié par 5 000.\n”<\/div>\n        <\/div><br><br>\n        <img class=\"author-photo\" src=\"https:\/\/cdn.shopify.com\/s\/files\/1\/0753\/8399\/6682\/files\/Dr_Sara_pic.png?v=1715000252\" alt=\"Author Photo\">\n    <\/div>\n\n    <div class=\"testimonial\">\n        <div class=\"author-info\">\n            <div class=\"author-name\">Claude<\/div>\n            <div class=\"author-comment\">“Le shift a changé ma façon d'aborder le stress. Sa présence rassurante me rappelle constamment l'importance de respirer et de rester concentré. Je le conseillerais à quiconque cherche une méthode simple mais efficace pour gérer l'anxiété.”<\/div>\n        <\/div><br><br>\n        <img class=\"author-photo\" src=\"https:\/\/cdn.shopify.com\/s\/files\/1\/0753\/8399\/6682\/files\/James_pic.png?v=1715000250\" alt=\"Author Photo\">\n    <\/div>\n\n    <div class=\"testimonial\">\n        <div class=\"author-info\">\n            <div class=\"author-name\">Jonathan<\/div>\n            <div class=\"author-comment\">“J'ai été enchanté de répondre à quiconque me posait la question à ce sujet. J'apprécie cela car cela me donne l'opportunité de les éclairer sur le fait que ce n'est pas simplement un gadget, mais plutôt un concept et un outil de guérison remarquables.”<\/div>\n        <\/div><br><br>\n        <img class=\"author-photo\" src=\"https:\/\/cdn.shopify.com\/s\/files\/1\/0753\/8399\/6682\/files\/Edmud_pic.png?v=1715000249\" alt=\"Author Photo\">\n    <\/div>\n<\/div>\n\n\n<\/body>\n<\/html>","divider_style":"none","section_padding":"section--vertical-padding-top-bottom"}},"slideshow_y7haQE":{"type":"slideshow","blocks":{"slide_PptjWN":{"type":"slide","settings":{"image":"shopify:\/\/shop_images\/sadsd_172de492-7ae0-417a-9be0-5883b1c280f4.jpg","image_mobile":"shopify:\/\/shop_images\/asds.jpg","focal_point":"center","mobile_focal_point":"center","media_link":"","text_position":"flex-start_center","text_position_mobile":"flex-start_center","accent":"","title":"La solution le shift","heading_font_class":"fs-heading-display-3","subheading":"","subheading_font_class":"fs-heading-5-base","text":"<p>Méthodes de respiration pour combattre le stress quotidien et ses déclencheurs.<\/p>","text_font_class":"fs-body-100","link_1":"shopify:\/\/products\/albalir","link_text_1":"Achetez maintenant.","button_style_1":"btn--primary","link_2":"","link_text_2":"Read more","button_style_2":"btn--primary","text_color":"#ffffff","button_background_color":"#ffffff","button_text_color":"#000000","color_overlay":"#000000","color_overlay_gradient":"","overlay_opacity":0}}},"block_order":["slide_PptjWN"],"settings":{"image_aspect":"original","desktop_height":100,"mobile_height":100,"enable_autoplay":true,"duration_autoplay":6,"navigation_alignment":"center","navigation_color_foreground":"#ffffff","navigation_color_background":"","navigation_background_opacity":100,"enable_animation":true,"section_padding":"none"}},"606ebd15-d9c2-4684-8b0e-c2acc1810c94":{"type":"grid","blocks":{"template--16677538103511__606ebd15-d9c2-4684-8b0e-c2acc1810c94-16705821761c1830c0-0":{"type":"item","settings":{"width":"33","height":500,"mobile_height":500,"media_fit":"cover","focal_point":"center","mobile_focal_point":"center","text_position":"center_center","accent":"","title":"Grid item","heading_font_class":"fs-heading-2-base","subheading":"<p>Perfect for lookbooks and editorial photography<\/p>","subheading_font_class":"fs-heading-5-base","text":"","text_font_class":"fs-body-100","link":"","link_text":"","button_style":"btn--primary","background_color":"","text_color":"#ffffff","button_background_color":"#ffffff","button_text_color":"#000000","color_overlay":"#000000","color_overlay_gradient":"","overlay_opacity":30}},"template--16677538103511__606ebd15-d9c2-4684-8b0e-c2acc1810c94-16705821761c1830c0-1":{"type":"item","settings":{"width":"33","height":500,"mobile_height":500,"media_fit":"cover","focal_point":"center","mobile_focal_point":"center","text_position":"center_center","accent":"","title":"Grid item","heading_font_class":"fs-heading-2-base","subheading":"<p>Perfect for lookbooks and editorial photography<\/p>","subheading_font_class":"fs-heading-5-base","text":"","text_font_class":"fs-body-100","link":"","link_text":"","button_style":"btn--primary","background_color":"","text_color":"#ffffff","button_background_color":"#ffffff","button_text_color":"#000000","color_overlay":"#000000","color_overlay_gradient":"","overlay_opacity":30}},"template--16677538103511__606ebd15-d9c2-4684-8b0e-c2acc1810c94-16705821761c1830c0-2":{"type":"item","settings":{"width":"33","height":500,"mobile_height":500,"media_fit":"cover","focal_point":"center","mobile_focal_point":"center","text_position":"center_center","accent":"","title":"Grid item","heading_font_class":"fs-heading-2-base","subheading":"<p>Perfect for lookbooks and editorial photography<\/p>","subheading_font_class":"fs-heading-5-base","text":"","text_font_class":"fs-body-100","link":"","link_text":"","button_style":"btn--primary","background_color":"","text_color":"#ffffff","button_background_color":"#ffffff","button_text_color":"#000000","color_overlay":"#000000","color_overlay_gradient":"","overlay_opacity":30}}},"block_order":["template--16677538103511__606ebd15-d9c2-4684-8b0e-c2acc1810c94-16705821761c1830c0-0","template--16677538103511__606ebd15-d9c2-4684-8b0e-c2acc1810c94-16705821761c1830c0-1","template--16677538103511__606ebd15-d9c2-4684-8b0e-c2acc1810c94-16705821761c1830c0-2"],"disabled":true,"settings":{"heading":"","subheading":"","content_alignment":"left","enable_animation":true,"full_width":false,"spacing":24,"divider_style":"none","section_padding":"section--vertical-padding-top-bottom"}},"custom_liquid_U7zfiJ":{"type":"custom-liquid","custom_css":[],"settings":{"custom_liquid":"","divider_style":"none","section_padding":"section--vertical-padding-top-bottom"}},"7e7ac746-8dcc-4778-9708-583c2dfbf2d7":{"type":"collapsible-row-list","blocks":{"template--16677538103511__7e7ac746-8dcc-4778-9708-583c2dfbf2d7-1670581940e50b16b8-0":{"type":"item","settings":{"expand_by_default":true,"icon":"chat","title":"Pourquoi ne pas simplement respirer par moi-même ?","text":"<p>La plupart des individus comprennent que respirer plus lentement les apaise, mais ils ne le mettent pas toujours en pratique. Pourquoi ? Parce que nous respirons environ 23 000 fois par jour, et la plupart de ces respirations sont inconscientes. Le shift, étant physique et porté sur soi, rend ces respirations plus lentes plus cohérentes dans le cadre d'une routine quotidienne. Que vous soyez coincé dans la circulation, que vous ayez du mal à vous endormir la nuit ou que vous ressentiez simplement de l'anxiété… Le shift est là pour vous ramener instantanément au calme.<\/p>"}},"template--16677538103511__7e7ac746-8dcc-4778-9708-583c2dfbf2d7-1670581940e50b16b8-1":{"type":"item","settings":{"expand_by_default":false,"icon":"chat","title":"Quel est le fonctionnement de la science ?","text":"<p>Imaginez vos inspirations comme la pédale d'accélérateur et vos expirations comme les freins. Le stress déclenche des inspirations courtes qui nous plongent dans le mode \"combat ou fuite\". Avec 50 000 pensées et 150 notifications téléphoniques par jour, nous tombons trop souvent dans cet état d'esprit qui nous laisse épuisés et tendus. Prolonger votre expiration inverse immédiatement cet état en deux minutes en réduisant le cortisol (l'hormone du stress), la tension artérielle et la fréquence cardiaque. Nous avons exploité cette science éprouvée pour créer un outil qui vous permet d'adopter plus fréquemment ces expirations plus longues, vous aidant ainsi à mieux respirer naturellement.<\/p>"}},"template--16677538103511__7e7ac746-8dcc-4778-9708-583c2dfbf2d7-1670581940e50b16b8-2":{"type":"item","settings":{"expand_by_default":false,"icon":"chat","title":"Est-ce juste une paille, une vape ou un sifflet ?","text":"<p>Le shift étant le premier de son genre, il est normal de rencontrer une certaine confusion initiale. Notre inspiration vient d'une technique éprouvée de respiration utilisant une paille pour apaiser l'esprit en silence, mais nous avons voulu concevoir quelque chose de plus pratique et facile à intégrer dans la vie quotidienne, un véritable engagement envers une respiration améliorée. Nous avons opté pour de l'acier inoxydable 316 de qualité médicale, avec des couleurs de métaux précieux intégrées, assurant ainsi une utilisation sûre au quotidien. Nous avons minutieusement testé et breveté la longueur et le diamètre du tube pour créer des expirations optimales qui induisent physiologiquement le calme. Bien sûr, vous pouvez toujours utiliser une simple paille, mais nous avons constaté que des dimensions aléatoires peuvent être inefficaces et que la paille peut s'aplatir lorsqu'elle est transportée dans une poche. Porter l'ALBALIR comme un collier représente un engagement envers une respiration améliorée, une habitude quotidienne qui vous permet de vous sentir mieux à chaque inspiration nécessaire.<\/p>"}},"template--16677538103511__7e7ac746-8dcc-4778-9708-583c2dfbf2d7-1670581940e50b16b8-3":{"type":"item","settings":{"expand_by_default":false,"icon":"chat","title":"Puis-je retourner ce collier?","text":"<p>Vous avez la possibilité d'essayer le shift pendant 30 jours sans aucun risque. Si vous ne remarquez aucun changement dans ce que vous ressentez, nous vous fournirons une étiquette d'expédition gratuite pour le retourner et recevoir un remboursement complet. Vous n'avez absolument rien à perdre, à part votre anxiété.<\/p>"}}},"block_order":["template--16677538103511__7e7ac746-8dcc-4778-9708-583c2dfbf2d7-1670581940e50b16b8-0","template--16677538103511__7e7ac746-8dcc-4778-9708-583c2dfbf2d7-1670581940e50b16b8-1","template--16677538103511__7e7ac746-8dcc-4778-9708-583c2dfbf2d7-1670581940e50b16b8-2","template--16677538103511__7e7ac746-8dcc-4778-9708-583c2dfbf2d7-1670581940e50b16b8-3"],"disabled":true,"custom_css":[".collapsible-row-list__inner p {font-size: 10px !important;}",".collapsible-row-list__inner span {font-size: 15px !important;}","@media screen and (max-width: 768px) {h1 {padding-top: 40px; font-size: 25px; }}"],"settings":{"title":"","heading_font_class":"fs-heading-3-base","heading_alignment":"center","item_heading_font":"heading","enable_animation":true,"divider_style":"none","section_padding":"section--vertical-padding-top-bottom","content_width":"custom","custom_content_width":1000}},"custom_liquid_g8k78N":{"type":"custom-liquid","custom_css":["{max-width: 100%; background-image: url(\"https:\/\/cdn.shopify.com\/s\/files\/1\/0753\/8399\/6682\/files\/Review_Background.jpg?v=1715000253\"); background-size: cover; background-position: center center !important; @media (max-width: 767px) {max-width: 100%; background-image: url(\"https:\/\/cdn.shopify.com\/s\/files\/1\/0753\/8399\/6682\/files\/Review_Background.jpg?v=1715000253\"); background-attachment: scroll; }}"],"settings":{"custom_liquid":"<!DOCTYPE html>\n<html lang=\"en\">\n\n<head>\n  <meta charset=\"UTF-8\">\n  <meta name=\"viewport\" content=\"width=device-width, initial-scale=1.0\">\n  <link rel=\"stylesheet\" type=\"text\/css\" href=\"https:\/\/cdn.jsdelivr.net\/npm\/slick-carousel@1.8.1\/slick\/slick.css\" \/>\n  <link rel=\"stylesheet\" type=\"text\/css\" href=\"https:\/\/cdn.jsdelivr.net\/npm\/slick-carousel@1.8.1\/slick\/slick-theme.css\" \/>\n  <style>\n    body {\n      margin: 0;\n      padding: 0;\n    }\n\n    .my-section {\n\n      padding: 20px;\n    }\n\n    .my-carousel-wrapper {\n\n      padding-bottom: 150px;\n    }\n\n    .my-carousel-container {\n      width: 90%;\n      margin: 20px auto;\n      margin-top: -20px;\n      display: flex;\n      \n    }\n\n    .my-carousel-item {\n      flex: 0 0 25%; \/* Set each item to occupy 25% of the container width *\/\n      padding: 10px;\n      box-sizing: border-box;\n    }\n\n    .my-review-card {\n      background-color: rgb(255, 255, 255, 0.5);\nborder: 2px dotted #fff; \n      padding: 20px;\n      border-radius: 10px;\n      box-shadow: 0 0 20px rgba(0, 0, 0, 0.1);\n      transition: transform 0.3s;\n      display: flex;\n      flex-direction: column;\n      height: auto; \/* Set height to 100% to fill the container *\/\n      \n    }\n\n    .my-review-card:hover {\n      transform: scale(1.05);\n    }\n\n    .my-review-title {\n      font-size: 1rem;\n      padding-bottom: 10px;\n      font-weight: bold;\n      margin-bottom: 10px;\n      color: #000;\n    }\n\n    .my-review-text {\n      font-size: 1rem;\n      color: #000;\n      flex-grow: 1;\n      margin-bottom:-40px;\n    }\n\n    .my-review-date {\n      font-size: 0.9rem;\n      color: #000;\n      margin-top: 10px;\n    }\n\n    .my-review-stars {\n      color: #FFD700;\n      font-size: 24px;\n      margin-bottom: 10px;\n    }\n\n    .my-slick-prev,\n    .my-slick-next {\n      position: absolute;\n      top: 50%;\n      width: 50px;\n      height: 50px;\n      cursor: pointer;\n      font-size: 24px;\n      background-color: #fff;\n      border: 1px solid #ddd;\n      border-radius: 50%;\n      text-align: center;\n      display: flex;\n      justify-content: center;\n      align-items: center;\n      color: #000;\n      z-index: 2;\n      \n      \n    }\n\n    .my-slick-prev:before,\n    .my-slick-next:before {\n      display: none;\n    }\n\n    .my-slick-prev {\n      left: 0;\n      transform: translate(-110%, -50%);\n    }\n\n    .my-slick-next {\n      right: 0;\n      transform: translate(110%, -50%);\n    }\n\n    .my-slick-prev:hover,\n    .my-slick-next:hover {\n      color: #000 !important;\n      background-color: #dff !important;\n    }\n\n    .my-responsive-heading {\n      text-align: center;\n      font-size: 2em;\n      margin-bottom: 20px;\n      padding-top: 20px;\ncolor: #000;\n    }\n\n    @media only screen and (min-width: 768px) {\n      .my-responsive-heading {\n        font-size: 32px;\n        font-weight: bold;\n      }\n      \n    \n      \n       .my-carousel-container {\n      width: 85%;}\n      \n    }\n\n    @media only screen and (max-width: 767px) {\n      .my-responsive-heading {\n        font-size: 2em;\n        font-weight: bold;\n      }\n      \n     .my-carousel-container {\n      width: 75%;}\n      \n      .my-carousel-item {\n        flex: 0 0 100%; \/* On small screens, each item occupies 100% width *\/\n      }\n      .my-review-title {\n    font-size: 1.2rem; \/* Adjust the font size for the review titles *\/\n  }\n  \n   .my-review-text {\n      font-size: 0.9rem;\n}\n    }\n  <\/style>\n<\/head>\n\n<body>\n  <div class=\"my-section\">\n    <div class=\"my-responsive-heading\">\n      Le shift est-il vraiment efficace ?\n    <\/div>\n  <\/div>\n\n  <div class=\"my-carousel-wrapper\">\n    <div class=\"my-carousel-container\">\n     \n\n\n\n<!-- Customer Review 1 -->\n<div class=\"my-carousel-item\">\n  <div class=\"my-review-card\">\n    <div class=\"my-review-stars\">&#9733;&#9733;&#9733;&#9733;&#9733;<\/div>\n    <div class=\"my-review-title\">Le shift : Un Essentiel Tranquille<\/div>\n    <div class=\"my-review-text\">Le shift s'est intégré parfaitement dans ma routine quotidienne, offrant un moment de calme au milieu du chaos. Son poids léger agit comme un rappel constant de respirer et de trouver l'équilibre. Hautement recommandé pour ceux qui recherchent la tranquillité en déplacement.<\/div>\n    <div class=\"my-review-date\">1 janvier 2024<\/div>\n  <\/div>\n<\/div>\n\n<!-- Customer Review 2 -->\n<div class=\"my-carousel-item\">\n  <div class=\"my-review-card\">\n    <div class=\"my-review-stars\">&#9733;&#9733;&#9733;&#9733;&#9733;<\/div>\n    <div class=\"my-review-title\">Découvrez la Paix avec le shift<\/div>\n    <div class=\"my-review-text\">Le shift est devenu mon compagnon incontournable pour trouver la paix au milieu d'une journée chargée. Sa conception portable me permet d'emporter la sérénité partout où je vais. Un indispensable pour ceux qui veulent prioriser leur bien-être.<\/div>\n    <div class=\"my-review-date\">18 février 2024<\/div>\n  <\/div>\n<\/div>\n\n<!-- Customer Review 3 -->\n<div class=\"my-carousel-item\">\n  <div class=\"my-review-card\">\n    <div class=\"my-review-stars\">&#9733;&#9733;&#9733;&#9733;&#9733;<\/div>\n    <div class=\"my-review-title\">Le shift : Votre Retraite Quotidienne<\/div>\n    <div class=\"my-review-text\">La présence réconfortante le shift a transformé ma manière de gérer le stress. Son poids subtil offre un sentiment d'ancrage, m'aidant à rester centré tout au long de la journée. Je ne pourrais pas imaginer ma routine sans lui.<\/div>\n    <div class=\"my-review-date\">23 janvier 2024<\/div>\n  <\/div>\n<\/div>\n\n<!-- Customer Review 4 -->\n<div class=\"my-carousel-item\">\n  <div class=\"my-review-card\">\n    <div class=\"my-review-stars\">&#9733;&#9733;&#9733;&#9733;&#9733;<\/div>\n    <div class=\"my-review-title\">La Simplicité Rencontre la Sérénité avec le shift<\/div>\n    <div class=\"my-review-text\">Le shift propose une solution simple mais efficace pour les moments de stress et d'anxiété. Sa conception minimaliste et sa portabilité en font un outil pratique pour trouver la paix intérieure n'importe où, n'importe quand. Hautement recommandé.<\/div>\n    <div class=\"my-review-date\">12 février 2024<\/div>\n  <\/div>\n<\/div>\n\n<!-- Customer Review 5 -->\n<div class=\"my-carousel-item\">\n  <div class=\"my-review-card\">\n    <div class=\"my-review-stars\">&#9733;&#9733;&#9733;&#9733;&#9733;<\/div>\n    <div class=\"my-review-title\">Le shift : La Sérénité à Chaque Portée<\/div>\n    <div class=\"my-review-text\">Le shift a dépassé mes attentes en favorisant le calme et la tranquillité. Son poids léger autour de mon cou agit comme une source constante de réconfort, me permettant de surmonter les défis quotidiens avec facilité. Un ajout essentiel à ma routine de soins personnels.<\/div>\n    <div class=\"my-review-date\">20 mars 2024<\/div>\n  <\/div>\n<\/div>\n\n\n\n\n\n      \n    <\/div>\n  <\/div>\n\n  <script src=\"https:\/\/code.jquery.com\/jquery-3.6.0.min.js\"><\/script>\n  <script src=\"https:\/\/cdn.jsdelivr.net\/npm\/slick-carousel@1.8.1\/slick\/slick.min.js\"><\/script>\n\n  <script>\n    $(document).ready(function () {\n      var carouselContainer = $('.my-carousel-container');\n\n      carouselContainer.slick({\n        slidesToShow: 4,\n        slidesToScroll: 1,\n        prevArrow: '<button type=\"button\" class=\"my-slick-prev\">❮<\/button>',\n        nextArrow: '<button type=\"button\" class=\"my-slick-next\">❯<\/button>',\n     autoplay: true, \/\/ Enable autoplay\n      autoplaySpeed: 2024, \/\/ Set the autoplay speed in milliseconds (adjust as needed)\n        responsive: [\n          {\n            breakpoint: 992,\n            settings: {\n              slidesToShow: 3\n            }\n          },\n          {\n            breakpoint: 600,\n            settings: {\n              slidesToShow: 1\n            }\n          }\n        ]\n      });\n\n      \/\/ Reset arrow styles on click anywhere on the page\n      $(document).on('click', function () {\n        $('.my-slick-prev, .my-slick-next').css({\n          'color': '#000',\n          'background-color': '#fff'\n        });\n      });\n\n      \/\/ Handle arrow hover styles\n      $('.my-slick-prev, .my-slick-next').on({\n        mouseenter: function () {\n          $(this).css({\n            'color': '#fff',\n            'background-color': '#555'\n          });\n        },\n        mouseleave: function () {\n          $(this).css({\n            'color': '#000',\n            'background-color': '#fff'\n          });\n        }\n      });\n    });\n  <\/script>\n<script>\n  $(document).ready(function () {\n    \/\/ Reset the height of all review cards\n    $('.my-review-card').css('height', 'auto');\n\n    \/\/ Function to set the height based on the maximum height\n    function setMaxHeight() {\n      var maxCardHeight = 0;\n\n      $('.my-review-card').each(function () {\n        \/\/ Temporarily set height to auto and get the outerHeight\n        var currentCard = $(this).css('height', 'auto');\n        var currentCardHeight = currentCard.outerHeight();\n\n        \/\/ Update the maximum height\n        maxCardHeight = Math.max(maxCardHeight, currentCardHeight);\n\n        \/\/ Reset the height to avoid affecting other styles\n        currentCard.css('height', '');\n      });\n\n      \/\/ Set the maximum height for all review cards based on screen width\n      $('.my-review-card').height(maxCardHeight);\n    }\n\n    \/\/ Initial setup\n    setMaxHeight();\n\n    \/\/ Re-run on window resize\n    $(window).resize(function () {\n      setMaxHeight();\n    });\n  });\n<\/script>\n\n<\/body>\n\n<\/html>","divider_style":"none","section_padding":"section--vertical-padding-top-bottom"}},"orignal_multicolumn_yRJcxT":{"type":"Orignal-multicolumn","blocks":{"image_column_9NazXY":{"type":"image_column","settings":{"image":"shopify:\/\/shop_images\/fd53979d97b4f633a27ce9912a89ea3e1bc82100.webp","image_width":100,"aspect_ratio":"square","focal_point":"center","image_position":"above_text","image_link":"","small_caption":"","accent":"","heading":"","heading_font_class":"fs-heading-4-base","text":"","text_font_class":"fs-body-100","text_max_width":100,"link":"","link_text":"","button_style":"btn--primary"}},"image_column_3Fhjhd":{"type":"image_column","settings":{"image":"shopify:\/\/shop_images\/122462527_4630001783707887_8086928316158205401_n.jpg","image_width":100,"aspect_ratio":"square","focal_point":"center","image_position":"above_text","image_link":"","small_caption":"","accent":"","heading":"","heading_font_class":"fs-heading-4-base","text":"","text_font_class":"fs-body-100","text_max_width":100,"link":"","link_text":"","button_style":"btn--primary"}},"image_column_axGMaR":{"type":"image_column","settings":{"image":"shopify:\/\/shop_images\/348557221_1628666614314997_6503477731311651164_n.png","image_width":100,"aspect_ratio":"square","focal_point":"center","image_position":"above_text","image_link":"","small_caption":"","accent":"","heading":"","heading_font_class":"fs-heading-4-base","text":"","text_font_class":"fs-body-100","text_max_width":100,"link":"","link_text":"","button_style":"btn--primary"}},"image_column_XDUB3i":{"type":"image_column","settings":{"image":"shopify:\/\/shop_images\/sdfsdf_8936b09c-6bdc-4ded-8a30-0350a0b6fbc5.jpg","image_width":100,"aspect_ratio":"square","focal_point":"center","image_position":"above_text","image_link":"","small_caption":"","accent":"","heading":"","heading_font_class":"fs-heading-4-base","text":"","text_font_class":"fs-body-100","text_max_width":100,"link":"","link_text":"","button_style":"btn--primary"}}},"block_order":["image_column_9NazXY","image_column_3Fhjhd","image_column_axGMaR","image_column_XDUB3i"],"custom_css":[".multi-column__inner {justify-content: center; max-width: 1200px;}","h2 {margin-top: -15px; margin-bottom: 50px;}","@media (max-width: 768px) {.horizontal-scroll-container {overflow-x: none; overflow-y: none; white-space: none; }}"],"settings":{"title":"","subheading":"<p>suivre @albalir.com<\/p><h2>Le shift votre point de vue avec nous.<\/h2>","heading_font_class":"fs-heading-3-base","heading_alignment":"center","content_vertical_alignment":"top","content_background_padding":"medium","columns":"4","column_spacing":28,"row_spacing":28,"column_alignment":"center","columns_mobile":"2","column_spacing_mobile":20,"row_spacing_mobile":20,"column_alignment_mobile":"center","background_behind_columns":false,"background_color":"","text_color":"#000000","button_background_color":"#000000","button_text_color":"#ffffff","enable_animation":true,"divider_style":"none","section_padding":"section--vertical-padding-top-bottom"}},"rich_text_twcBgc":{"type":"rich-text","blocks":{"heading_amkQ8Y":{"type":"heading","disabled":true,"settings":{"title":"Rich text","heading_font_class":"fs-heading-2-base"}},"text_aH9WWJ":{"type":"text","settings":{"text":"<h2>Joignez-vous dès maintenant à la révolution \"Respirez mieux, vivez mieux\"©.<br\/><\/h2><h2><\/h2><h2><\/h2><h2><\/h2><h2><\/h2>","text_font_class":"fs-body-100"}},"spacer_RWBRWC":{"type":"spacer","settings":{"space":12}},"button_zfW8LX":{"type":"button","settings":{"link":"shopify:\/\/products\/albalir","link_text":"En savoir plus","button_style":"btn--primary"}},"spacer_bxCF6D":{"type":"spacer","settings":{"space":12}}},"block_order":["heading_amkQ8Y","text_aH9WWJ","spacer_RWBRWC","button_zfW8LX","spacer_bxCF6D"],"custom_css":["{background-color: #162437; color: #fff;}","h2 {color: #9fbecf;}"],"settings":{"alignment":"center_center","enable_animation":true,"divider_style":"none","section_padding":"section--vertical-padding-top-bottom","content_width":"custom","custom_content_width":700}},"orignal_multicolumn_ykVyj7":{"type":"Orignal-multicolumn","blocks":{"image_column_9qbikw":{"type":"image_column","settings":{"image":"shopify:\/\/shop_images\/Returns_Icon_9cf97f69-0daf-4445-916a-951d1290e61c.png","image_width":50,"aspect_ratio":"natural","focal_point":"center","image_position":"above_text","image_link":"","small_caption":"","accent":"","heading":"","heading_font_class":"fs-heading-4-base","text":"","text_font_class":"fs-body-100","text_max_width":100,"link":"","link_text":"","button_style":"btn--primary"}},"image_column_cPmXc4":{"type":"image_column","settings":{"image":"shopify:\/\/shop_images\/Secure_Checkout_Icon_1d5897f8-5bbd-4609-bfba-37e4871f8ca8.png","image_width":50,"aspect_ratio":"natural","focal_point":"center","image_position":"above_text","image_link":"","small_caption":"","accent":"","heading":"","heading_font_class":"fs-heading-4-base","text":"","text_font_class":"fs-body-100","text_max_width":100,"link":"","link_text":"","button_style":"btn--primary"}},"image_column_jVfVfc":{"type":"image_column","settings":{"image":"shopify:\/\/shop_images\/30_Day_Icon_72dc31a5-4c97-4d9d-a2e1-862c15813808.png","image_width":50,"aspect_ratio":"natural","focal_point":"center","image_position":"above_text","image_link":"","small_caption":"","accent":"","heading":"","heading_font_class":"fs-heading-4-base","text":"","text_font_class":"fs-body-100","text_max_width":100,"link":"","link_text":"","button_style":"btn--primary"}}},"block_order":["image_column_9qbikw","image_column_cPmXc4","image_column_jVfVfc"],"custom_css":[".multi-column__inner {justify-content: center; max-width: 1200px;}","@media (min-width: 767px) {img {justify-content: center; align-items: center; padding-left: 50px; padding-right: 50px; }}"],"settings":{"title":"","subheading":"","heading_font_class":"fs-heading-3-base","heading_alignment":"center","content_vertical_alignment":"top","content_background_padding":"medium","columns":"3","column_spacing":28,"row_spacing":28,"column_alignment":"center","columns_mobile":"3","column_spacing_mobile":20,"row_spacing_mobile":20,"column_alignment_mobile":"center","background_behind_columns":false,"background_color":"","text_color":"#000000","button_background_color":"#000000","button_text_color":"#ffffff","enable_animation":true,"divider_style":"none","section_padding":"section--vertical-padding-top-bottom"}},"317acbc6-224c-495b-8a87-f51d94b969a5":{"type":"custom-liquid","disabled":true,"settings":{"custom_liquid":"<style>\n    body {\n        font-family: 'Helvetica', sans-serif;\n        margin: 0;\n        padding: 0;\n        box-sizing: border-box;\n    }\n\n    .custom-section {\n        padding: 20px;\n        background-color: #E8F7FD; \/* Sky Blue *\/\n        box-shadow: 0 8px 16px rgba(0, 0, 0, 0.1);\n        border-radius: 15px;\n        overflow: hidden;\n        margin: 50px;\n    }\n\n    h3 {\n        font-size: 27px;\n        text-align: center;\n        padding-bottom: 10px;\n    }\n\n    .feature-compare {\n        width: 100%;\n        overflow-x: auto;\n    }\n\n    table {\n        width: 100%;\n        border-collapse: collapse;\n        margin-top: 15px;\n        border-radius: 15px;\n        overflow: hidden;\n    }\n\n    th, td {\n        border: 1px solid #ddd;\n        padding: 20px;\n        text-align: center;\n    }\n\n    th {\n        background-color: #000000; \/* Steel Blue *\/\n        color: #fff;\n    }\n\n    .icon-chics img,\n    .content-svg svg {\n        width: 20px;\n        height: 20px;\n    }\n\n    \/* Alternate row colors *\/\n    tbody tr:nth-child(odd) {\n        background-color: #f2f2f2; \/* Light Grey *\/\n    }\n   tbody tr:nth-child(even) {\n        background-color: #DFECF2; \/* Light Grey *\/\n    }\n\n    @media screen and (max-width: 768px) {\n    \n       .custom-section {\n        padding: 10px;\n        border-radius: 0px;\n        overflow: hidden;\n        margin: -15px;\n    }\n    \n        h3 {\n            font-size: 20px;\n        }\n\n        .custom-section {\n            background-color: #E8F7FD; \/* Sky Blue *\/\n        }\n\n        th, td {\n            font-size: 12px;\n        }\n\n        tbody tr:nth-child(even) {\n            background-color: #DFECF2; \/* Light Grey *\/\n        }\n\n        tbody tr:nth-child(odd) {\n            background-color: #f2f2f2; \/* Light Grey *\/\n        }\n    }\n<\/style>\n\n<div class=\"custom-section custom-boxed bg-unique\">\n    <h3>Why Opt for the PetSound Device<\/h3>\n    <div class=\"feature-compare unique-compare-section page-width\">\n        <div class=\"table-wrap\">\n            <table class=\"unique-table\">\n                <thead>\n                    <tr>\n                        <th><\/th>\n                        <th>PetSound™<\/th>\n                        <th>Others<\/th>\n                    <\/tr>\n                <\/thead>\n\n                <tbody>\n<tr class=\"table-row-1\">\n    <td class=\"table-cell-1\">Convenient Wireless Charging<\/td>\n    <td class=\"icon-chics\"><img src=\"\/\/cdn.shopify.com\/s\/files\/1\/0609\/1531\/8959\/files\/right.png?v=1648451599\"><\/td>\n    <td class=\"table-cell-1 content-svg\">\n        <svg fill=\"#000000\" xmlns=\"http:\/\/www.w3.org\/2000\/svg\" viewBox=\"0 0 30 30\" width=\"30px\" height=\"30px\">\n            <path d=\"M 7 4 C 6.744125 4 6.4879687 4.0974687 6.2929688 4.2929688 L 4.2929688 6.2929688 C 3.9019687 6.6839688 3.9019687 7.3170313 4.2929688 7.7070312 L 11.585938 15 L 4.2929688 22.292969 C 3.9019687 22.683969 3.9019687 23.317031 4.2929688 23.707031 L 6.2929688 25.707031 C 6.6839688 26.098031 7.3170313 26.098031 7.7070312 25.707031 L 15 18.414062 L 22.292969 25.707031 C 22.682969 26.098031 23.317031 26.098031 23.707031 25.707031 L 25.707031 23.707031 C 26.098031 23.316031 26.098031 22.682969 25.707031 22.292969 L 18.414062 15 L 25.707031 7.7070312 C 26.098031 7.3170312 26.098031 6.6829688 25.707031 6.2929688 L 23.707031 4.2929688 C 23.316031 3.9019687 22.682969 3.9019687 22.292969 4.2929688 L 15 11.585938 L 7.7070312 4.2929688 C 7.5115312 4.0974687 7.255875 4 7 4 z\"><\/path>\n        <\/svg>\n    <\/td>\n<\/tr>\n\n<tr class=\"table-row-2\">\n    <td class=\"table-cell-1\">Adaptable for Indoor and Outdoor Environments<\/td>\n    <td class=\"icon-chics\"><img src=\"\/\/cdn.shopify.com\/s\/files\/1\/0609\/1531\/8959\/files\/right.png?v=1648451599\"><\/td>\n    <td class=\"table-cell-1 content-svg\">\n        <svg fill=\"#000000\" xmlns=\"http:\/\/www.w3.org\/2000\/svg\" viewBox=\"0 0 30 30\" width=\"30px\" height=\"30px\">\n            <path d=\"M 7 4 C 6.744125 4 6.4879687 4.0974687 6.2929688 4.2929688 L 4.2929688 6.2929688 C 3.9019687 6.6839688 3.9019687 7.3170313 4.2929688 7.7070312 L 11.585938 15 L 4.2929688 22.292969 C 3.9019687 22.683969 3.9019687 23.317031 4.2929688 23.707031 L 6.2929688 25.707031 C 6.6839688 26.098031 7.3170313 26.098031 7.7070312 25.707031 L 15 18.414062 L 22.292969 25.707031 C 22.682969 26.098031 23.317031 26.098031 23.707031 25.707031 L 25.707031 23.707031 C 26.098031 23.316031 26.098031 22.682969 25.707031 22.292969 L 18.414062 15 L 25.707031 7.7070312 C 26.098031 7.3170312 26.098031 6.6829688 25.707031 6.2929688 L 23.707031 4.2929688 C 23.316031 3.9019687 22.682969 3.9019687 22.292969 4.2929688 L 15 11.585938 L 7.7070312 4.2929688 C 7.5115312 4.0974687 7.255875 4 7 4 z\"><\/path>\n        <\/svg>\n    <\/td>\n<\/tr>\n\n<tr class=\"table-row-3\">\n    <td class=\"table-cell-1\">Reliable Performance<\/td>\n    <td class=\"icon-chics\"><img src=\"\/\/cdn.shopify.com\/s\/files\/1\/0609\/1531\/8959\/files\/right.png?v=1648451599\"><\/td>\n    <td class=\"table-cell-1 content-svg\">\n        <svg fill=\"#000000\" xmlns=\"http:\/\/www.w3.org\/2000\/svg\" viewBox=\"0 0 30 30\" width=\"30px\" height=\"30px\">\n            <path d=\"M 7 4 C 6.744125 4 6.4879687 4.0974687 6.2929688 4.2929688 L 4.2929688 6.2929688 C 3.9019687 6.6839688 3.9019687 7.3170313 4.2929688 7.7070312 L 11.585938 15 L 4.2929688 22.292969 C 3.9019687 22.683969 3.9019687 23.317031 4.2929688 23.707031 L 6.2929688 25.707031 C 6.6839688 26.098031 7.3170313 26.098031 7.7070312 25.707031 L 15 18.414062 L 22.292969 25.707031 C 22.682969 26.098031 23.317031 26.098031 23.707031 25.707031 L 25.707031 23.707031 C 26.098031 23.316031 26.098031 22.682969 25.707031 22.292969 L 18.414062 15 L 25.707031 7.7070312 C 26.098031 7.3170312 26.098031 6.6829688 25.707031 6.2929688 L 23.707031 4.2929688 C 23.316031 3.9019687 22.682969 3.9019687 22.292969 4.2929688 L 15 11.585938 L 7.7070312 4.2929688 C 7.5115312 4.0974687 7.255875 4 7 4 z\"><\/path>\n        <\/svg>\n    <\/td>\n<\/tr>\n\n<tr class=\"table-row-4\">\n    <td class=\"table-cell-1\">Prioritizes Your Pet's Safety<\/td>\n    <td class=\"icon-chics\"><img src=\"\/\/cdn.shopify.com\/s\/files\/1\/0609\/1531\/8959\/files\/right.png?v=1648451599\"><\/td>\n    <td class=\"table-cell-1 content-svg\">\n        <svg fill=\"#000000\" xmlns=\"http:\/\/www.w3.org\/2000\/svg\" viewBox=\"0 0 30 30\" width=\"30px\" height=\"30px\">\n            <path d=\"M 7 4 C 6.744125 4 6.4879687 4.0974687 6.2929688 4.2929688 L 4.2929688 6.2929688 C 3.9019687 6.6839688 3.9019687 7.3170313 4.2929688 7.7070312 L 11.585938 15 L 4.2929688 22.292969 C 3.9019687 22.683969 3.9019687 23.317031 4.2929688 23.707031 L 6.2929688 25.707031 C 6.6839688 26.098031 7.3170313 26.098031 7.7070312 25.707031 L 15 18.414062 L 22.292969 25.707031 C 22.682969 26.098031 23.317031 26.098031 23.707031 25.707031 L 25.707031 23.707031 C 26.098031 23.316031 26.098031 22.682969 25.707031 22.292969 L 18.414062 15 L 25.707031 7.7070312 C 26.098031 7.3170312 26.098031 6.6829688 25.707031 6.2929688 L 23.707031 4.2929688 C 23.316031 3.9019687 22.682969 3.9019687 22.292969 4.2929688 L 15 11.585938 L 7.7070312 4.2929688 C 7.5115312 4.0974687 7.255875 4 7 4 z\"><\/path>\n        <\/svg>\n    <\/td>\n<\/tr>\n\n<tr class=\"table-row-5\">\n    <td class=\"table-cell-1\">Proven Effectiveness<\/td>\n    <td class=\"icon-chics\"><img src=\"\/\/cdn.shopify.com\/s\/files\/1\/0609\/1531\/8959\/files\/right.png?v=1648451599\"><\/td>\n    <td class=\"table-cell-1 content-svg\">\n        <img src=\"\/\/cdn.shopify.com\/s\/files\/1\/0609\/1531\/8959\/files\/right.png?v=1648451599\">\n    <\/td>\n<\/tr>\n\n<tr class=\"table-row-6\">\n    <td class=\"table-cell-1\">Ease of Setup and Use<\/td>\n    <td class=\"icon-chics\"><img src=\"\/\/cdn.shopify.com\/s\/files\/1\/0609\/1531\/8959\/files\/right.png?v=1648451599\"><\/td>\n    <td class=\"table-cell-1 content-svg\">\n        <svg fill=\"#000000\" xmlns=\"http:\/\/www.w3.org\/2000\/svg\" viewBox=\"0 0 30 30\" width=\"30px\" height=\"30px\">\n            <path d=\"M 7 4 C 6.744125 4 6.4879687 4.0974687 6.2929688 4.2929688 L 4.2929688 6.2929688 C 3.9019687 6.6839688 3.9019687 7.3170313 4.2929688 7.7070312 L 11.585938 15 L 4.2929688 22.292969 C 3.9019687 22.683969 3.9019687 23.317031 4.2929688 23.707031 L 6.2929688 25.707031 C 6.6839688 26.098031 7.3170313 26.098031 7.7070312 25.707031 L 15 18.414062 L 22.292969 25.707031 C 22.682969 26.098031 23.317031 26.098031 23.707031 25.707031 L 25.707031 23.707031 C 26.098031 23.316031 26.098031 22.682969 25.707031 22.292969 L 18.414062 15 L 25.707031 7.7070312 C 26.098031 7.3170312 26.098031 6.6829688 25.707031 6.2929688 L 23.707031 4.2929688 C 23.316031 3.9019687 22.682969 3.9019687 22.292969 4.2929688 L 15 11.585938 L 7.7070312 4.2929688 C 7.5115312 4.0974687 7.255875 4 7 4 z\"><\/path>\n        <\/svg>\n    <\/td>\n<\/tr>\n\n<!-- Additional rows can be added similarly -->\n\n                <\/tbody>\n            <\/table>\n        <\/div>\n    <\/div>\n<\/div>","divider_style":"none","section_padding":"section--vertical-padding-top-bottom"}},"f322d1cd-2122-463f-a694-9998ff635461":{"type":"custom-liquid","disabled":true,"settings":{"custom_liquid":"<!DOCTYPE html>\n<html lang=\"en\">\n<head>\n    <meta charset=\"UTF-8\">\n    <meta name=\"viewport\" content=\"width=device-width, initial-scale=1.0\">\n    <title>Video Carousel<\/title>\n    <style>\n        body {\n            font-family: 'Arial', sans-serif;\n            margin: 0;\n            padding: 0;\n            box-sizing: border-box;\n        }\n\n        \/* Add background to section *\/\n        .page-container {\n            background-color: #E8F7FD;\n            padding: 30px 0;\n        }\n\n        .custom-carousel-container {\n            position: relative;\n            z-index: 1;\n            width: 90%;\n            padding: 10px;\n            margin: auto;\n            overflow: hidden;\n            position: relative;\n        }\n\n        \/* Style for top heading *\/\n        h1 {\n            text-align: center;\n            color: #333;\n            padding: 20px 0;\n            font-size: 36px;\n            margin-top: 0;\n        }\n\n        .custom-carousel-inner {\n            display: flex;\n            transition: transform 0.5s ease-in-out;\n            position: relative;\n        }\n\n        .custom-video-wrapper {\n            width: 25%;\n            flex: 0 0 auto;\n            box-sizing: border-box;\n            padding: 10px;\n            height: 500px;\n        }\n\n        iframe {\n            width: 100%;\n            height: 100%;\n            border: none;\n            border-radius: 4px;\n        }\n\n        .custom-carousel-control {\n            position: absolute;\n            top: 50%;\n            width: 50px;\n            height: 50px;\n            cursor: pointer;\n            font-size: 24px;\n            background-color: #fff;\n            border: 1px solid #ddd;\n            border-radius: 50%;\n            text-align: center;\n            display: flex;\n            justify-content: center;\n            align-items: center;\n            z-index: 2;\n        }\n\n        .custom-prev {\n            left: 0;\n            transform: translate(0%, -50%);\n        }\n\n        .custom-next {\n            right: 0;\n            transform: translate(0%, -50%);\n        }\n\n        @media (max-width: 768px) {\n            .custom-carousel-container {\n                width: 90%;\n            }\n\n            .custom-video-wrapper {\n                width: 50%;\n            }\n        }\n    <\/style>\n<\/head>\n<body>\n\n<div class=\"page-container\">\n\n    <!-- Add top heading -->\n    <h1>We Broke The Internet!<\/h1>\n\n    <div class=\"custom-carousel-container\">\n        <div class=\"custom-carousel-inner\">\n            <div class=\"custom-video-wrapper\">\n                <iframe src=\"https:\/\/www.youtube.com\/embed\/mkgc7mbgrkc\" frameborder=\"0\" allowfullscreen><\/iframe>\n            <\/div>\n            <div class=\"custom-video-wrapper\">\n                <iframe src=\"https:\/\/www.youtube.com\/embed\/mkgc7mbgrkc\" frameborder=\"0\" allowfullscreen><\/iframe>\n            <\/div>\n            <div class=\"custom-video-wrapper\">\n                <iframe src=\"https:\/\/www.youtube.com\/embed\/mkgc7mbgrkc\" frameborder=\"0\" allowfullscreen><\/iframe>\n            <\/div>\n            <div class=\"custom-video-wrapper\">\n                <iframe src=\"https:\/\/www.youtube.com\/embed\/mkgc7mbgrkc\" frameborder=\"0\" allowfullscreen><\/iframe>\n            <\/div>\n\n            <div class=\"custom-video-wrapper\">\n                <iframe src=\"https:\/\/www.youtube.com\/embed\/mkgc7mbgrkc\" frameborder=\"0\" allowfullscreen><\/iframe>\n            <\/div>\n        <\/div>\n\n        <div class=\"custom-carousel-control custom-prev\" onclick=\"customPrevSlide()\">❮<\/div>\n        <div class=\"custom-carousel-control custom-next\" onclick=\"customNextSlide()\">❯<\/div>\n    <\/div>\n\n<\/div>\n\n<script>\n    document.addEventListener('DOMContentLoaded', function () {\n        const carouselInner = document.querySelector('.custom-carousel-inner');\n        const videoWrappers = document.querySelectorAll('.custom-video-wrapper');\n        const totalVideos = videoWrappers.length;\n        const videoWidth = videoWrappers[0].offsetWidth;\n        let currentIndex = 0;\n\n        \/\/ Duplicate video items for continuous loop\n        carouselInner.innerHTML += carouselInner.innerHTML;\n\n        function customNextSlide() {\n            currentIndex++;\n            customUpdateCarousel();\n        }\n\n        function customPrevSlide() {\n            currentIndex--;\n            customUpdateCarousel();\n        }\n\n        function customUpdateCarousel() {\n            const translateValue = -currentIndex * videoWidth;\n            carouselInner.style.transition = 'transform 0.5s ease-in-out';\n            carouselInner.style.transform = `translateX(${translateValue}px)`;\n\n            \/\/ Reset to the original set of videos when reaching the duplicated set\n            if (currentIndex >= totalVideos || currentIndex < 0) {\n                setTimeout(() => {\n                    currentIndex = currentIndex % totalVideos;\n                    carouselInner.style.transition = 'none';\n                    carouselInner.style.transform = `translateX(-${currentIndex * videoWidth}px)`;\n                }, 500);\n            }\n        }\n\n        \/\/ Add event listeners to the buttons\n        document.querySelector('.custom-prev').addEventListener('click', customPrevSlide);\n        document.querySelector('.custom-next').addEventListener('click', customNextSlide);\n    });\n<\/script>\n<\/body>\n<\/html>","divider_style":"none","section_padding":"section--vertical-padding-top-bottom"}},"c403beb9-7813-4e0f-89b8-a1b67fe1bcc7":{"type":"custom-liquid","disabled":true,"settings":{"custom_liquid":"<!DOCTYPE html>\n<html lang=\"en\">\n<head>\n  <meta charset=\"UTF-8\">\n  <meta name=\"viewport\" content=\"width=device-width, initial-scale=1.0\">\n  <style>\n    body {\n      margin: 0;\n      overflow: hidden;\n    }\n\n    .unique-text-container {\n      overflow: hidden;\n      background-color: #e8f7fd;\n      padding: 40px;\n      white-space: nowrap;\n    }\n\n    .unique-text-gallery {\n      display: flex;\n      animation: scrollUniqueTextGalleryDesktop 10s linear infinite;\n      margin: 0 -20px; \/* Add spacing on the left and right *\/\n    }\n\n    .unique-text {\n      font-size: 32px;\n      color: #333;\n      margin: 0 50px; \/* Add spacing on the left and right *\/\n    }\n\n    @media screen and (max-width: 768px) {\n      .unique-text {\n        font-size: 28px;\n        margin: 0 30px; \/* Add spacing on the left and right *\/\n      }\n    }\n\n    @media screen and (max-width: 480px) {\n      .unique-text-gallery {\n        animation: scrollUniqueTextGalleryMobile 10s linear infinite;\n      }\n\n      .unique-text {\n        font-size: 22px;\n        margin: 0 15px; \/* Add spacing on the left and right *\/\n      }\n    }\n\n    @keyframes scrollUniqueTextGalleryDesktop {\n      0% {\n        transform: translateX(0);\n      }\n      100% {\n        transform: translateX(calc(-100% * var(--unique-text-count-desktop)));\n      }\n    }\n\n    @keyframes scrollUniqueTextGalleryMobile {\n      0% {\n        transform: translateX(0);\n      }\n      100% {\n        transform: translateX(calc(-100% * var(--unique-text-count-mobile)));\n      }\n    }\n  <\/style>\n<\/head>\n<body>\n\n<section class=\"unique-text-container\">\n  <div class=\"unique-text-gallery\" id=\"uniqueTextGallery\">\n    <div class=\"unique-text\"><b>🎄✨ Christmas Sale Will End Soon! 🎁🛍️<\/b><\/div>\n  <\/div>\n<\/section>\n\n<script>\n  document.addEventListener('DOMContentLoaded', function() {\n    \/\/ JavaScript to set the CSS variables\n    document.documentElement.style.setProperty('--unique-text-count-desktop', 2); \/\/ Set the number of text loops for desktop\n    document.documentElement.style.setProperty('--unique-text-count-mobile', 4); \/\/ Set the number of text loops for mobile\n\n    \/\/ JavaScript to clone and loop the text\n    const uniqueTextGallery = document.getElementById('uniqueTextGallery');\n    const originalText = uniqueTextGallery.innerHTML;\n\n    \/\/ Clone the text for desktop\n    for (let i = 1; i < 2; i++) {\n      uniqueTextGallery.innerHTML += originalText;\n    }\n\n    \/\/ Clone the text for mobile\n    for (let i = 1; i < 4; i++) {\n      uniqueTextGallery.innerHTML += originalText;\n    }\n  });\n<\/script>\n\n<\/body>\n<\/html>","divider_style":"none","section_padding":"section--vertical-padding-top-bottom"}},"3ee8cfc6-93c3-4a12-9f05-a0b029c3e482":{"type":"testimonials","blocks":{"template--14672470409310__3ee8cfc6-93c3-4a12-9f05-a0b029c3e482-testimonial-1":{"type":"testimonial","settings":{"product":"","image_position":"right","aspect_ratio":"square","focal_point":"center","show_rating":true,"rating":5,"quote":"\"This device is a lifesaver! My dog's constant barking was driving me and my neighbors crazy. Since using it, our home is so much quieter, and I've noticed a positive change in my dog's behavior. It's like a weight lifted off my shoulders. Highly recommend for anyone dealing with non-stop barking.\"","author":"– Author's name"}},"template--14672470409310__3ee8cfc6-93c3-4a12-9f05-a0b029c3e482-testimonial-2":{"type":"testimonial","settings":{"product":"","image_position":"right","aspect_ratio":"square","focal_point":"center","show_rating":true,"rating":5,"quote":"\"Add customer reviews and testimonials to showcase your store’s happy customers.\"","author":"– Author's name"}},"template--14672470409310__3ee8cfc6-93c3-4a12-9f05-a0b029c3e482-testimonial-3":{"type":"testimonial","settings":{"product":"","image_position":"right","aspect_ratio":"square","focal_point":"center","show_rating":true,"rating":5,"quote":"\"Add customer reviews and testimonials to showcase your store’s happy customers.\"","author":"– Author's name"}}},"block_order":["template--14672470409310__3ee8cfc6-93c3-4a12-9f05-a0b029c3e482-testimonial-1","template--14672470409310__3ee8cfc6-93c3-4a12-9f05-a0b029c3e482-testimonial-2","template--14672470409310__3ee8cfc6-93c3-4a12-9f05-a0b029c3e482-testimonial-3"],"disabled":true,"settings":{"image_size":"small","quote_font":"heading","background_color":"#e8f7fd","text_color":"#000000","enable_animation":true,"divider_style":"none","section_padding":"section--vertical-padding-top-bottom"}},"1705907168451b7ac1":{"type":"apps","settings":{}}},"order":["slideshow_43MLKc","ba76c276-44cf-49e6-8c84-63c8c0d090e8","507c74be-35de-4e49-85a5-8ce2a010a493","custom_liquid_VzNKTq","multi_column_FcJcqp","image_with_text_J6kkWQ","orignal_multicolumn_8qwLEd","ed2b10bd-ca1a-40f0-bd58-5caad258f4af","20b028b1-9f10-4655-8e75-f74589683dee","rich_text_ij3kM9","custom_liquid_XDHT9R","slideshow_y7haQE","606ebd15-d9c2-4684-8b0e-c2acc1810c94","custom_liquid_U7zfiJ","7e7ac746-8dcc-4778-9708-583c2dfbf2d7","custom_liquid_g8k78N","orignal_multicolumn_yRJcxT","rich_text_twcBgc","orignal_multicolumn_ykVyj7","317acbc6-224c-495b-8a87-f51d94b969a5","f322d1cd-2122-463f-a694-9998ff635461","c403beb9-7813-4e0f-89b8-a1b67fe1bcc7","3ee8cfc6-93c3-4a12-9f05-a0b029c3e482","1705907168451b7ac1"]}