{"sections":{"main":{"type":"main-page","disabled":true,"settings":{"enable_animation":true,"content_width":"custom","custom_content_width":700}},"contact-form":{"type":"contact-form","blocks":{"block-0":{"type":"text","settings":{"title":"Nom","required":true,"width":"half"}},"block-1":{"type":"email","settings":{"title":"Email","width":"half"}},"block-3":{"type":"text","settings":{"title":"Numéro de téléphone","required":false,"width":"full"}},"block-4":{"type":"text_area","settings":{"title":"Message","placeholder":"Votre message","required":true,"height":180,"width":"full"}},"block-5":{"type":"submit","settings":{"title":"Submit","size":"large","full_width":true}}},"block_order":["block-0","block-1","block-3","block-4","block-5"],"settings":{"alignment":"center_left","heading":"CONTACTEZ-NOUS","heading_font_class":"fs-heading-3-base","text":"","show_recaptcha_terms":true,"enable_animation":true,"divider_style":"none","section_padding":"section--vertical-padding-top-bottom","content_width":"custom","custom_content_width":850}},"collapsible-row-list":{"type":"collapsible-row-list","blocks":{"block-0":{"type":"item","settings":{"expand_by_default":false,"icon":"none","title":"How do I know if my order is confirmed?","text":"<p>You will receive an e-mail confirmation on the e-mail address you used to make the order.<\/p>"}},"block-1":{"type":"item","settings":{"expand_by_default":false,"icon":"none","title":"Can I change my shipping address after my order is placed?","text":"<p>Once the order is confirmed, we cannot make any changes.<\/p>"}},"block-2":{"type":"item","settings":{"expand_by_default":false,"icon":"none","title":"Do you ship internationally?","text":"<p>Yes! we ship our orders worldwide.<\/p>"}},"block-3":{"type":"item","settings":{"expand_by_default":false,"icon":"none","title":"How long will it take until I receive my order?","text":"<p>Depending on your country. Shipping time varies from 5 to 15 days. <\/p>"}}},"block_order":["block-0","block-1","block-2","block-3"],"disabled":true,"settings":{"title":"FAQs","heading_font_class":"fs-heading-3-base","heading_alignment":"center","item_heading_font":"body","enable_animation":true,"divider_style":"none","section_padding":"section--vertical-padding-bottom-only","content_width":"custom","custom_content_width":850}}},"order":["main","contact-form","collapsible-row-list"]}