{"sections":{"main":{"type":"main-page","disabled":true,"settings":{"enable_animation":true,"content_width":"custom","custom_content_width":700}},"rich-text-1":{"type":"rich-text","blocks":{"block-0":{"type":"heading","settings":{"title":"QUESTIONS FRÉQUEMMENT POSÉES","heading_font_class":"fs-heading-1-base"}},"block-1":{"type":"spacer","disabled":true,"settings":{"space":12}},"block-2":{"type":"text","disabled":true,"settings":{"text":"<p>Use this text area to share information about your brand with your customers. Describe a product, share announcements, or welcome customers to your store.<\/p>","text_font_class":"fs-body-100"}},"block-3":{"type":"spacer","settings":{"space":12}}},"block_order":["block-0","block-1","block-2","block-3"],"settings":{"alignment":"center_center","enable_animation":true,"divider_style":"none","section_padding":"section--vertical-padding-top-bottom","content_width":"custom","custom_content_width":700}},"collapsible_row_list2_GTjqiJ":{"type":"collapsible-row-list2","blocks":{"item_PhJjdM":{"type":"item","settings":{"expand_by_default":false,"icon":"none","title":"Je viens de passer une commande, quand sera-t-elle expédiée ?","text":"<p>Il nous faut en moyenne 24 à 48 heures pour traiter votre commande et l'acheminer jusqu'au centre de tri de notre transporteur. Une fois votre commande traitée par notre service expédition, nous ne pouvons apporter aucune modification (y compris l'adresse). Nous livrons uniquement à l'adresse que vous avez indiquée lors du paiement. Si vous avez des questions, envoyez nous un email <\/p>"}},"item_N3xtMY":{"type":"item","settings":{"expand_by_default":false,"icon":"none","title":"Je ne suis pas satisfait de ma commande, puis-je la retourner ? Que se passe-t-il si un problème survient ?","text":"<p>Nous offrons une garantie de remboursement à 100 % uniquement si vous recevez le produit défectueux ou endommagé. Vous disposez de 30 jours pour nous retourner le produit et obtenir un remboursement complet. Vous devez retourner le produit à vos frais. Une fois que nous aurons reçu le produit, nous vous rembourserons intégralement votre achat initial. Veuillez inclure tous les noms et numéros de commande sur les colis retournés. Attention : si votre colis est en route, vous devez attendre son arrivée et le renvoyer avant de pouvoir recevoir un remboursement.<\/p>"}},"item_Q47att":{"type":"item","settings":{"expand_by_default":false,"icon":"none","title":"Puis-je annuler ma commande ?","text":"<p>Vous pouvez annuler votre commande sans encourir de frais. Cependant, vous devez annuler votre commande avant son expédition.<\/p>"}},"item_MgGeMj":{"type":"item","settings":{"expand_by_default":false,"icon":"none","title":"J'ai saisi une adresse incorrecte, que dois-je faire maintenant ?","text":"<p>Si vous avez saisi une adresse incorrecte, veuillez attendre la confirmation de commande par email. Une fois que vous avez vérifié que l'adresse saisie est incorrecte, veuillez nous en informer par email à info@albalir.com Si l'adresse saisie est incorrecte, nous pouvons la modifier dans les 24 heures. Aucun remboursement ne sera effectué après 24 heures.<\/p>"}},"item_Vxdag7":{"type":"item","settings":{"expand_by_default":false,"icon":"none","title":"Proposez-vous un outil de respiration pour les enfants ?","text":"<p>Les jeunes spectateurs sont dans nos têtes depuis longtemps. L’augmentation de l’anxiété parmi nos jeunes générations est alarmante. En tant que parents, cette cause est particulièrement importante pour les cofondateurs Todd et Vanessa.<br\/><br\/>Nous avons développé une version spéciale du collier pour les jeunes parce que de nombreux parents et éducateurs nous ont posé des questions similaires.<br\/><br\/>Nous prévoyons de sortir Active Shift très prochainement. Si vous préférez disposer de l'outil plus tôt, de nombreux clients différents ayant acheté le Shift pour adolescents nous ont indiqué qu'il s'agissait d'un outil de respiration efficace depuis de nombreux âges.<\/p>"}},"item_93XwcV":{"type":"item","settings":{"expand_by_default":false,"icon":"none","title":"Combien de temps prend la livraison ?","text":"<p>Environ 5 à 10 jours ouvrables.<\/p>"}},"item_DfTcGx":{"type":"item","settings":{"expand_by_default":false,"icon":"none","title":"J'ai une question sans réponse. Pouvez-vous m'aider, s'il vous plaît ?","text":"<p><\/p><p>Absolument! Nous sommes là pour vous! Veuillez nous envoyer un e-mail à noveashopify@gmail.com et nous serons heureux de vous aider.<\/p>"}}},"block_order":["item_PhJjdM","item_N3xtMY","item_Q47att","item_MgGeMj","item_Vxdag7","item_93XwcV","item_DfTcGx"],"settings":{"title":"Livraison et retour","heading_font_class":"fs-heading-3-base","heading_alignment":"left","item_heading_font":"heading","enable_animation":true,"divider_style":"none","section_padding":"section--vertical-padding-top-bottom","content_width":"custom","custom_content_width":700}},"collapsible_row_list2_AJeV69":{"type":"collapsible-row-list2","blocks":{"item_qfziBf":{"type":"item","settings":{"expand_by_default":false,"icon":"none","title":"Comment nettoyer le Shift ?","text":"<p>Le Shift est intentionnellement fabriqué en acier inoxydable de haute qualité, ce qui le rend extrêmement durable pour un usage quotidien. Les couleurs des métaux précieux sont cuites à travers la pièce afin que vous n'ayez jamais à vous soucier du ternissement ou de la rouille lorsqu'il est exposé à l'eau.<\/p>"}},"item_84DXr8":{"type":"item","settings":{"expand_by_default":false,"icon":"none","title":"Pourquoi ne puis-je pas respirer plus lentement tout seul ?","text":"<p>La plupart des gens savent qu’une respiration plus lente les détend, mais ils ne le font toujours pas. Pourquoi? Parce que nous respirons 23 000 fois par jour et qu'ils sont tous inconscients. Le Shift est physique et parce que vous le portez, ces respirations plus lentes deviennent plus cohérentes dans le cadre d'une pratique quotidienne. Que vous soyez coincé dans les embouteillages, que vous n'arriviez pas à dormir la nuit ou que vous ayez simplement l'esprit anxieux… Le Shift est là pour vous ramener immédiatement au calme.<\/p>"}},"item_4pBpbM":{"type":"item","settings":{"expand_by_default":false,"icon":"none","title":"Est-ce basé sur de vraies données scientifiques ?","text":"<p>Nous comprenons parfaitement si vous êtes sceptique quant au comment ou au pourquoi cela fonctionne, car cela semble trop simple.<\/p><p>Considérez vos inspirations comme la pédale d’accélérateur et vos expirations comme les freins. Le stress déclenche de courtes inspirations qui vous lancent en mode « combat ou fuite ». Avec 50 000 pensées et 150 notifications téléphoniques par jour, nous entrons trop souvent dans cet état d’esprit qui nous fait nous sentir fatigués et tendus. La prolongation de votre expiration inverse immédiatement cet état en deux minutes en abaissant le cortisol (hormone du stress), la tension artérielle et la fréquence cardiaque.<\/p><p>Nous avons utilisé cette science éprouvée pour concevoir un outil qui vous permet d'accéder plus souvent à ces expirations plus longues, ce qui vous permet de mieux respirer par habitude.<\/p>"}},"item_qXQEqU":{"type":"item","settings":{"expand_by_default":false,"icon":"none","title":"Comment est fabriqué le Shift ?","text":"<p>Nous nous sommes associés au premier fournisseur mondial d'acier inoxydable pour garantir un produit de la plus haute qualité. Les matériaux que nous utilisons résistent aux méthodes de test européennes et emploient un processus exclusif pour fournir à nos clients le meilleur produit possible.<br\/><br\/>Nous utilisons uniquement de l'acier inoxydable de qualité médicale et cuisons des couleurs de métaux précieux dans la pièce afin qu'elle ne perde pas son éclat ou sa finition. Nous n’avons lésiné sur aucun raccourci et n’avons épargné aucune dépense pour garantir sa qualité. Il existe actuellement de nombreuses copies de notre concept et nous ne pouvons pas parler de leurs normes de qualité, mais nous pensons que vous devez être prudent avec tout ce que vous mettez dans votre bouche. Nous sommes les fiers créateurs originaux et espérons que vous donnerez une chance à notre Shift avec un achat sans risque de 30 jours. En tant que client, vous recevrez également des techniques de respiration gratuites, des astuces et des conseils sur la façon de tirer le meilleur parti d'un tel outil qui change la vie. Mieux respirer est notre passion <em>!<\/em><\/p>"}},"item_hQe97f":{"type":"item","settings":{"expand_by_default":false,"icon":"none","title":"Proposez-vous un outil de respiration pour les enfants ?","text":"<p>Les jeunes spectateurs sont dans nos têtes depuis longtemps. L’augmentation de l’anxiété parmi nos jeunes générations est alarmante. En tant que parents, cette cause est particulièrement importante pour les cofondateurs Todd et Vanessa.<br\/><br\/>Nous avons développé une version spéciale du collier pour les jeunes parce que de nombreux parents et éducateurs nous ont posé des questions similaires.<br\/><br\/>Nous prévoyons de sortir Active Shift très prochainement. Si vous préférez disposer de l'outil plus tôt, de nombreux clients différents ayant acheté le Shift pour adolescents nous ont indiqué qu'il s'agissait d'un outil de respiration efficace depuis de nombreux âges.<\/p>"}},"item_k9mRKr":{"type":"item","settings":{"expand_by_default":false,"icon":"none","title":"Pourquoi les différentes couleurs ont-elles des prix différents ?","text":"<p>Nous fabriquons notre outil respiratoire en utilisant une méthode exclusive de cuisson des métaux précieux dans de l'acier inoxydable de haute qualité pour obtenir la couleur souhaitée. Nous utilisons ce procédé pour que la couleur ne perde jamais son éclat.<br\/><br\/>La raison de l'écart de prix est que la couleur or nécessite plus d'usinage pour produire une couleur aussi vibrante. Nous voulons nous assurer qu’il correspond à l’or ou à l’argent véritable. La pièce en ardoise mate est la moins chère car elle ne nécessite pas de polissage élevé, elle est donc plus facile à fabriquer.<\/p>"}}},"block_order":["item_qfziBf","item_84DXr8","item_4pBpbM","item_qXQEqU","item_hQe97f","item_k9mRKr"],"settings":{"title":"Produit","heading_font_class":"fs-heading-3-base","heading_alignment":"left","item_heading_font":"heading","enable_animation":true,"divider_style":"none","section_padding":"section--vertical-padding-top-bottom","content_width":"custom","custom_content_width":700}},"collapsible-row-list-2":{"type":"collapsible-row-list","blocks":{"block-0":{"type":"item","settings":{"expand_by_default":false,"icon":"heart","title":"What currency are the prices displayed on the site?","text":"<p>All prices are USD $<\/p>"}},"block-1":{"type":"item","settings":{"expand_by_default":false,"icon":"heart","title":"You entered the wrong address. What do you do now?","text":"<p>If you misspelled or auto-filled the wrong address, please reply to your order confirmation email to check. Please email us at <strong>info.tailtowel@gmail.com<\/strong><\/p>"}},"block-2":{"type":"item","settings":{"expand_by_default":false,"icon":"heart","title":"How long does shipping take?","text":"<p>Delivery times are up to 5 days<\/p>"}},"block-3":{"type":"item","settings":{"expand_by_default":false,"icon":"heart","title":"I have an unanswered question. Can you help me?","text":"<p>of course! we are here to help you! Please send an email to <strong>info.tailtowel@gmail.com<\/strong><\/p>"}},"4d373109-2977-48d6-96c1-fd47a6690f3f":{"type":"item","settings":{"expand_by_default":false,"icon":"heart","title":"What are the accepted payment methods?","text":"<p>We accept Credit Cards , Debit Card & Bank Transfer<\/p>"}},"5d3258a3-8453-44dd-8889-da155bb2cb71":{"type":"item","settings":{"expand_by_default":false,"icon":"heart","title":"Do you accept international orders?","text":"<p>We can ship your order almost anywhere in the world.<\/p>"}},"fe6eb5f6-92b4-4cfb-b9a9-f8fc19cdde96":{"type":"item","settings":{"expand_by_default":false,"icon":"heart","title":"Is my payment on your site secure?","text":"<p>All online payments are safe and secured. Our website has created a secure transaction environment.<\/p>"}},"2106cd02-96d2-4d12-ae4c-ae6ae37af03e":{"type":"item","settings":{"expand_by_default":false,"icon":"heart","title":"How can I track my order?","text":"<p>You can check the status of your order at any time by going directly to the links provided by our customer service via email<\/p>"}},"6797575c-bb68-4259-8c1f-1ef9fa570438":{"type":"item","settings":{"expand_by_default":false,"icon":"heart","title":"What should I do if my order never arrived?","text":"<p>Be sure that all of your orders have shipped already. If your order displays your package on the tracking website has been sent, and you don't receive it in 2 weeks; please contact customer service for assistance.<\/p>"}},"item_HhMnLH":{"type":"item","settings":{"expand_by_default":false,"icon":"none","title":"This is an example of a question that a customer might ask","text":"<p>This is an example of a response that you might give. It's good to be as thorough as possible in responses as that has a tendency to improve trust overall.<\/p>"}},"item_rH34J7":{"type":"item","settings":{"expand_by_default":false,"icon":"none","title":"This is an example of a question that a customer might ask","text":"<p>This is an example of a response that you might give. It's good to be as thorough as possible in responses as that has a tendency to improve trust overall.<\/p>"}},"item_DLXQ8b":{"type":"item","settings":{"expand_by_default":false,"icon":"none","title":"This is an example of a question that a customer might ask","text":"<p>This is an example of a response that you might give. It's good to be as thorough as possible in responses as that has a tendency to improve trust overall.<\/p>"}}},"block_order":["block-0","block-1","block-2","block-3","4d373109-2977-48d6-96c1-fd47a6690f3f","5d3258a3-8453-44dd-8889-da155bb2cb71","fe6eb5f6-92b4-4cfb-b9a9-f8fc19cdde96","2106cd02-96d2-4d12-ae4c-ae6ae37af03e","6797575c-bb68-4259-8c1f-1ef9fa570438","item_HhMnLH","item_rH34J7","item_DLXQ8b"],"disabled":true,"settings":{"title":"","heading_font_class":"fs-heading-3-base","heading_alignment":"left","item_heading_font":"body","enable_animation":false,"divider_style":"none","section_padding":"section--vertical-padding-bottom-only","content_width":"custom","custom_content_width":850}},"rich-text-4":{"type":"rich-text","blocks":{"block-0":{"type":"heading","settings":{"title":"Products","heading_font_class":"fs-heading-3-base"}},"block-1":{"type":"text","settings":{"text":"<p>Below are some common questions about our products<\/p>","text_font_class":"fs-body-100"}}},"block_order":["block-0","block-1"],"disabled":true,"settings":{"alignment":"center_center","enable_animation":false,"divider_style":"none","section_padding":"section--vertical-padding-top-bottom","content_width":"custom","custom_content_width":700}},"collapsible-row-list-3":{"type":"collapsible-row-list","blocks":{"block-0":{"type":"item","settings":{"expand_by_default":false,"icon":"none","title":"This is an example of a question that a customer might ask","text":"<p>This is an example of a response that you might give. It's good to be as thorough as possible in responses as that has a tendency to improve trust overall.<\/p>"}},"block-1":{"type":"item","settings":{"expand_by_default":false,"icon":"none","title":"This is an example of a question that a customer might ask","text":"<p>This is an example of a response that you might give. It's good to be as thorough as possible in responses as that has a tendency to improve trust overall.<\/p>"}},"block-2":{"type":"item","settings":{"expand_by_default":false,"icon":"none","title":"This is an example of a question that a customer might ask","text":"<p>This is an example of a response that you might give. It's good to be as thorough as possible in responses as that has a tendency to improve trust overall.<\/p>"}},"block-3":{"type":"item","settings":{"expand_by_default":false,"icon":"none","title":"This is an example of a question that a customer might ask","text":"<p>This is an example of a response that you might give. It's good to be as thorough as possible in responses as that has a tendency to improve trust overall.<\/p>"}}},"block_order":["block-0","block-1","block-2","block-3"],"disabled":true,"settings":{"title":"","heading_font_class":"fs-heading-3-base","heading_alignment":"left","item_heading_font":"body","enable_animation":false,"divider_style":"none","section_padding":"section--vertical-padding-bottom-only","content_width":"custom","custom_content_width":850}},"rich-text-5":{"type":"rich-text","blocks":{"block-0":{"type":"heading","settings":{"title":"Si vous avez d'autres questions, ne soyez pas timide. Nous sommes toujours heureux de discuter et nous nous engageons à soutenir votre parcours respiratoire à chaque étape du processus.","heading_font_class":"fs-heading-3-base"}},"block-1":{"type":"text","settings":{"text":"","text_font_class":"fs-body-100"}},"block-2":{"type":"button","settings":{"link":"shopify:\/\/pages\/contact","link_text":"Contactez-nous","button_style":"btn--secondary"}},"block-3":{"type":"spacer","settings":{"space":12}}},"block_order":["block-0","block-1","block-2","block-3"],"settings":{"alignment":"center_center","enable_animation":true,"divider_style":"none","section_padding":"section--vertical-padding-top-bottom","content_width":"custom","custom_content_width":700}}},"order":["main","rich-text-1","collapsible_row_list2_GTjqiJ","collapsible_row_list2_AJeV69","collapsible-row-list-2","rich-text-4","collapsible-row-list-3","rich-text-5"]}