{"sections":{"main":{"type":"main-page","disabled":true,"settings":{"enable_animation":true,"content_width":"custom","custom_content_width":700}},"image-with-text-1":{"type":"image-with-text","blocks":{"block-0":{"type":"heading","settings":{"title":"Découvrez votre nouvelle solution sans médicament contre le stress et l'anxiété.","heading_font_class":"fs-heading-1-base"}},"image_yFt8rV":{"type":"image","disabled":true,"settings":{"image":"shopify:\/\/shop_images\/Screenshot_2024-05-07_061646.png","image_size":120,"image_size_mobile":120}},"spacer_KzwRxL":{"type":"spacer","settings":{"space":12}},"block-1":{"type":"text","settings":{"text":"<p>Vous voulez une alternative sans drogue au stress et à l’anxiété qui soit également une habitude saine ? Essayez notre outil de bien-être révolutionnaire qui change des vies, sans risque pendant 30 jours.<\/p>","text_font_class":"fs-body-100"}},"button_Y4b6zt":{"type":"button","settings":{"link":"shopify:\/\/products\/albalir","link_text":"Acheter maintenant","button_style":"btn--primary"}},"image_cG7m7b":{"type":"image","settings":{"image":"shopify:\/\/shop_images\/Screenshot_2024-05-07_060507.png","image_size":480,"image_size_mobile":290}}},"block_order":["block-0","image_yFt8rV","spacer_KzwRxL","block-1","button_Y4b6zt","image_cG7m7b"],"custom_css":[".image-with-text {padding: 0px !important; max-width: 100%; background-color: #fff;}",".image-with-text__text-container {padding: 25px !important;}",".image.image-with-text__image {box-shadow: none; border-radius: 0px !important;}"],"settings":{"image_position":"left","text_alignment":"center","image":"shopify:\/\/shop_images\/Screen_Shot_2023-06-02_at_1.37.52_PM.png","aspect_ratio":"square","focal_point":"center","image_caption":"","show_small_image":false,"image_small_aspect_ratio":"square","image_small_focal_point":"center","background_color":"rgba(0,0,0,0)","text_color":"#000000","button_background_color":"#000000","button_text_color":"#ffffff","enable_animation":true,"divider_style":"none","section_padding":"section--vertical-padding-top-bottom"}},"custom_liquid_UzCCDE":{"type":"custom-liquid","custom_css":["{background-color: #162437; color: #fff;}"],"settings":{"custom_liquid":"<!DOCTYPE html>\n<html lang=\"en\">\n<head>\n    <meta charset=\"UTF-8\">\n    <meta name=\"viewport\" content=\"width=device-width, initial-scale=1.0\">\n    <title>Testimonials<\/title>\n    <style>\n        .testimonial-container {\n            display: flex;\n             justify-content: center; \n            width: 100%;\n            margin: 20px auto;\n            overflow-x: auto; \/* Horizontal scrolling for mobile *\/\n            white-space: nowrap; \/* Prevent wrapping of testimonials *\/\n        \n            position: relative; \/* Position relative for scrollbar dots *\/\n        }\n\/* Styling for Webkit browsers (Chrome, Safari) *\/\n::-webkit-scrollbar {\n    width: 10px; \/* Width of the scrollbar *\/\n    height: 5px;\n}\n\n::-webkit-scrollbar-track {\n    background: #f1f1f1; \/* Color of the scrollbar track *\/\n}\n\n::-webkit-scrollbar-thumb {\n    background: #888; \/* Color of the scrollbar thumb *\/\n    border-radius: 5px; \/* Rounded corners of the scrollbar thumb *\/\n}\n\n::-webkit-scrollbar-thumb:hover {\n    background: #555; \/* Color of the scrollbar thumb on hover *\/\n}\n\n.testimonial-container {\n    display: flex;\n    justify-content: center; \/* Center align testimonials *\/\n    width: 100%;\n    margin: 20px auto;\n    white-space: nowrap; \/* Prevent wrapping of testimonials *\/\n}\n\n.testimonial {\n    overflow: hidden;\n    padding-right: 50px;\n    padding-left: 50px;\n    margin-bottom: 20px;\n    margin-right: 20px; \/* Add margin between testimonials *\/\n    white-space: normal; \/* Reset white-space property *\/\n}\n\n.author-name {\n    font-size: 1.2em;\n    padding-bottom: 10px;\n    margin-bottom: 10px;\n}\n\n.author-comment {\n    font-style: italic;\n    color: #fff;\n}\n\n.author-photo {\n    justify-content: center;\n    width: 25%;\n    margin-right: 20px;\n    border-radius: 100%;\n    max-height: 80px;\n    max-width: 80px;\n}\n\n    <\/style>\n<\/head>\n<body>\n\n<div class=\"testimonial-container\" id=\"testimonial-container\">\n    <div class=\"testimonial\">\n        <div class=\"author-info\">\n          <center>  <div class=\"author-name\">Alice Johnson<\/div>\n           <div class=\"author-comment\">“J'ai trouvé cela extrêmement bénéfique. Ce que je trouve brillant à propos de l'ALBALIR, c'est que vous pouvez le sentir autour de votre cou et vous prenez l'habitude de l'utiliser pour vous sentir calme. Je recommanderais ce produit 5 000 fois à n'importe qui.”<\/div><br><br>\n       <center> <img class=\"author-photo\" src=\"https:\/\/cdn.shopify.com\/s\/files\/1\/0753\/8399\/6682\/files\/Dr_Sara_pic.png?v=1715000252\" alt=\"Author Photo\">\n    <\/div>\n\n\n<\/div>\n\n\n<\/body>\n<\/html>","divider_style":"none","section_padding":"section--vertical-padding-top-bottom"}},"rich_text_qqbKnA":{"type":"rich-text","blocks":{"heading_4iQrfF":{"type":"heading","settings":{"title":"Changez vos habitudes, changez votre vie","heading_font_class":"fs-heading-2-base"}},"text_ynigAy":{"type":"text","disabled":true,"settings":{"text":"<p>Use this text area to share information about your brand with your customers. Describe a product, share announcements, or welcome customers to your store.<\/p>","text_font_class":"fs-body-100"}}},"block_order":["heading_4iQrfF","text_ynigAy"],"settings":{"alignment":"center_center","enable_animation":true,"divider_style":"none","section_padding":"section--vertical-padding-top-bottom","content_width":"custom","custom_content_width":800}},"image-with-text-2":{"type":"image-with-text","blocks":{"1661612015fe8eae74-0":{"type":"heading","disabled":true,"settings":{"title":"Image with text","heading_font_class":"fs-heading-1-base"}},"6a4f5d32-f759-4a1c-942b-4c3e1f87ecc9":{"type":"text","settings":{"text":"<h4><strong>Le stress et l’anxiété provoquent une respiration superficielle qui conduit à des habitudes malsaines. Il est scientifiquement prouvé que le design breveté du Shift contrôle votre respiration et calme le système nerveux en quelques secondes.<\/strong><\/h4><ol><li>RÉDUIRE LE STRESS ET L’ANXIÉTÉ<\/li><li>PORTÉ COMME UN COLLIER POUR T'ANCRER<\/li><li>AMÉLIORER L’AUTORÉGULATION<\/li><li>FRÉQUENCE CARDIAQUE PLUS FAIBLE<\/li><li>CRÉER UNE HABITUDE SAINE<\/li><\/ol>","text_font_class":"fs-body-100"}}},"block_order":["1661612015fe8eae74-0","6a4f5d32-f759-4a1c-942b-4c3e1f87ecc9"],"settings":{"image_position":"left","text_alignment":"left","image":"shopify:\/\/shop_images\/Ahiosolry-Collier-Breathlace-Anti-Vaping-Bijou-Soulign-Anlande-Instituts-Calmants-Naturels_jpg.webp","aspect_ratio":"square","focal_point":"center","image_caption":"","show_small_image":false,"image_small_aspect_ratio":"square","image_small_focal_point":"center","background_color":"","text_color":"#000000","button_background_color":"#000000","button_text_color":"#ffffff","enable_animation":true,"divider_style":"none","section_padding":"section--vertical-padding-top-bottom"}},"orignal_multicolumn_qkGaaX":{"type":"Orignal-multicolumn","blocks":{"image_column_mHmpFj":{"type":"image_column","settings":{"image":"shopify:\/\/shop_images\/81f832bf-459d-4fe1-b722-0fc9e472782e.png","image_width":100,"aspect_ratio":"natural","focal_point":"center","image_position":"above_text","image_link":"","small_caption":"","accent":"","heading":"","heading_font_class":"fs-heading-4-base","text":"","text_font_class":"fs-body-100","text_max_width":100,"link":"","link_text":"","button_style":"btn--primary"}},"image_column_WzFbUY":{"type":"image_column","settings":{"image":"shopify:\/\/shop_images\/Screenshot_2024-05-07_064352.png","image_width":69,"aspect_ratio":"natural","focal_point":"center","image_position":"above_text","image_link":"shopify:\/\/products\/albalir","small_caption":"","accent":"","heading":"","heading_font_class":"fs-heading-4-base","text":"","text_font_class":"fs-body-100","text_max_width":100,"link":"","link_text":"","button_style":"btn--primary"}},"image_column_tcnA6M":{"type":"image_column","settings":{"image":"shopify:\/\/shop_images\/19281a3e-a5c3-475e-a4cc-2df328b6aa20.png","image_width":100,"aspect_ratio":"natural","focal_point":"center","image_position":"above_text","image_link":"","small_caption":"","accent":"","heading":"","heading_font_class":"fs-heading-4-base","text":"","text_font_class":"fs-body-100","text_max_width":100,"link":"","link_text":"","button_style":"btn--primary"}}},"block_order":["image_column_mHmpFj","image_column_WzFbUY","image_column_tcnA6M"],"custom_css":["{background-color: #fff;}"],"settings":{"title":"","subheading":"","heading_font_class":"fs-heading-3-base","heading_alignment":"left","content_vertical_alignment":"top","content_background_padding":"medium","columns":"3","column_spacing":28,"row_spacing":28,"column_alignment":"center","columns_mobile":"1","column_spacing_mobile":20,"row_spacing_mobile":20,"column_alignment_mobile":"center","background_behind_columns":false,"background_color":"","text_color":"#000000","button_background_color":"#000000","button_text_color":"#ffffff","enable_animation":true,"divider_style":"none","section_padding":"section--vertical-padding-top-bottom"}},"multi_column_nKGbwF":{"type":"multi-column","blocks":{"image_column_HaMyGm":{"type":"image_column","settings":{"image":"shopify:\/\/shop_images\/Screen_Shot_2023-06-02_at_1.35.47_PM.webp","image_width":100,"aspect_ratio":"portrait","focal_point":"center","image_position":"above_text","image_link":"","small_caption":"","accent":"","heading":"Stress au travail","heading_font_class":"fs-heading-4-base","text":"<p>Maîtrisez l’art de la respiration consciente, réduisez les niveaux de stress et améliorez votre concentration. Quelques minutes par jour seulement peuvent remodeler votre réponse au stress au travail, apportant le calme au chaos.<\/p>","text_font_class":"fs-body-100","text_max_width":100,"link":"","link_text":"","button_style":"btn--primary"}},"image_column_YQdUaB":{"type":"image_column","settings":{"image":"shopify:\/\/shop_images\/Screen_Shot_2023-06-02_at_2.11.56_PM.webp","image_width":100,"aspect_ratio":"portrait","focal_point":"center","image_position":"above_text","image_link":"","small_caption":"","accent":"","heading":"Anxiété de vol","heading_font_class":"fs-heading-4-base","text":"<p>Apaisez vos peurs de vol en utilisant le pouvoir de la respiration consciente pour combattre l'anxiété liée au voyage, vous permettant d'aborder chaque voyage avec un sentiment de calme et de confiance.<\/p>","text_font_class":"fs-body-100","text_max_width":100,"link":"","link_text":"","button_style":"btn--primary"}},"image_column_H6ej7C":{"type":"image_column","settings":{"image":"shopify:\/\/shop_images\/Screen_Shot_2023-06-02_at_1.53.35_PM.webp","image_width":100,"aspect_ratio":"portrait","focal_point":"center","image_position":"above_text","image_link":"","small_caption":"","accent":"","heading":"Stress parental","heading_font_class":"fs-heading-4-base","text":"<p>Naviguez dans les hauts et les bas de la parentalité grâce à une respiration consciente, atténuant ainsi le stress qui accompagne souvent l’éducation des petits.<\/p>","text_font_class":"fs-body-100","text_max_width":100,"link":"","link_text":"","button_style":"btn--primary"}},"image_column_pac4Jd":{"type":"image_column","settings":{"image":"shopify:\/\/shop_images\/Screen_Shot_2023-06-02_at_1.36.05_PM.webp","image_width":100,"aspect_ratio":"portrait","focal_point":"center","image_position":"above_text","image_link":"","small_caption":"","accent":"","heading":"Dormir","heading_font_class":"fs-heading-4-base","text":"<p>Chaque belle journée commence la veille. Profitez du cadeau d’un sommeil serein et réparateur facilité par le Shift.<\/p>","text_font_class":"fs-body-100","text_max_width":100,"link":"","link_text":"","button_style":"btn--primary"}}},"block_order":["image_column_HaMyGm","image_column_YQdUaB","image_column_H6ej7C","image_column_pac4Jd"],"custom_css":["{background-color: #162437;}",".image__inner img {border-radius: 20px;}"],"settings":{"title":"","subheading":"","heading_font_class":"fs-heading-3-base","heading_alignment":"left","content_vertical_alignment":"top","content_background_padding":"medium","columns":"4","column_spacing":28,"row_spacing":28,"column_alignment":"left","columns_mobile":"2","column_spacing_mobile":20,"row_spacing_mobile":20,"column_alignment_mobile":"left","background_behind_columns":false,"background_color":"","text_color":"#ffffff","button_background_color":"#000000","button_text_color":"#ffffff","enable_animation":true,"divider_style":"none","section_padding":"section--vertical-padding-top-bottom"}},"orignal_multicolumn_LgpQfb":{"type":"Orignal-multicolumn","blocks":{"image_column_YbbVzr":{"type":"image_column","settings":{"image":"shopify:\/\/shop_images\/dasdsad.jpg","image_width":100,"aspect_ratio":"natural","focal_point":"center","image_position":"above_text","image_link":"","small_caption":"","accent":"","heading":"","heading_font_class":"fs-heading-4-base","text":"","text_font_class":"fs-body-100","text_max_width":100,"link":"","link_text":"","button_style":"btn--primary"}},"image_column_DTnCiW":{"type":"image_column","settings":{"image":"shopify:\/\/shop_images\/dasda.jpg","image_width":100,"aspect_ratio":"natural","focal_point":"center","image_position":"above_text","image_link":"","small_caption":"","accent":"","heading":"","heading_font_class":"fs-heading-4-base","text":"","text_font_class":"fs-body-100","text_max_width":100,"link":"","link_text":"","button_style":"btn--primary"}}},"block_order":["image_column_YbbVzr","image_column_DTnCiW"],"custom_css":["{background-color: #fff;}"],"settings":{"title":"Sentir la différence","subheading":"","heading_font_class":"fs-heading-3-base","heading_alignment":"center","content_vertical_alignment":"top","content_background_padding":"medium","columns":"2","column_spacing":28,"row_spacing":28,"column_alignment":"center","columns_mobile":"2","column_spacing_mobile":20,"row_spacing_mobile":20,"column_alignment_mobile":"center","background_behind_columns":false,"background_color":"","text_color":"#000000","button_background_color":"#000000","button_text_color":"#ffffff","enable_animation":true,"divider_style":"none","section_padding":"section--vertical-padding-top-bottom"}},"rich_text_NANLXQ":{"type":"rich-text","blocks":{"button_gpzbdX":{"type":"button","settings":{"link":"shopify:\/\/products\/albalir","link_text":"Acheter maintenant","button_style":"btn--primary"}}},"block_order":["button_gpzbdX"],"custom_css":["{background-color: #fff;}"],"settings":{"alignment":"center_center","enable_animation":true,"divider_style":"none","section_padding":"section--vertical-padding-bottom-only","content_width":"custom","custom_content_width":700}},"image_with_text_aweLhy":{"type":"image-with-text","blocks":{"heading_rMDWpa":{"type":"heading","settings":{"title":"Le changement peut aider","heading_font_class":"fs-heading-1-base"}},"text_mBkhtN":{"type":"text","settings":{"text":"<p>🌼 <strong>L'anxiété est le problème de santé mentale le plus courant<\/strong> chez les adolescents et les adultes, avec un âge médian d'apparition de 11 ans, selon Yale Medicine.<\/p><p>🌼 <strong>Un nombre croissant d’études démontrent<\/strong> l’efficacité des techniques de respiration contre l’anxiété et l’insomnie.<\/p><p>🌼 <strong>Les techniques de respiration influencent à la fois des facteurs physiologiques<\/strong> (en stimulant le système nerveux parasympathique) et <strong>des facteurs psychologiques<\/strong> (calmant les pensées qui s'emballent)<\/p>","text_font_class":"fs-body-100"}},"button_pJqWcB":{"type":"button","settings":{"link":"shopify:\/\/products\/albalir","link_text":"APPRENDRE ENCORE PLUS","button_style":"btn--primary"}}},"block_order":["heading_rMDWpa","text_mBkhtN","button_pJqWcB"],"custom_css":["{background-color: #162437;}"],"settings":{"image_position":"right","text_alignment":"left","image":"shopify:\/\/shop_images\/Komuso_5.webp","aspect_ratio":"square","focal_point":"center","image_caption":"","show_small_image":false,"image_small_aspect_ratio":"square","image_small_focal_point":"center","background_color":"","text_color":"#ffffff","button_background_color":"#000000","button_text_color":"#ffffff","enable_animation":true,"divider_style":"none","section_padding":"section--vertical-padding-top-bottom"}},"quoteeeeeeeeeeeeeeeeeeeeeeeeeeeeeeeeeeeeeeee_4JWrWY":{"type":"quoteeeeeeeeeeeeeeeeeeeeeeeeeeeeeeeeeeeeeeee","blocks":{"image_picker_b4D9yA":{"type":"image_picker","settings":{"alt-text":"","image":"shopify:\/\/shop_images\/Screen_Shot_2023-05-22_at_9.44.06_AM.webp"}},"image_picker_a33bgR":{"type":"image_picker","settings":{"alt-text":"","image":"shopify:\/\/shop_images\/Screen_Shot_2023-05-02_at_2.49.51_PM.png"}},"image_picker_tPJ7EW":{"type":"image_picker","settings":{"alt-text":"","image":"shopify:\/\/shop_images\/n16Hdt6qtV_mid.jpg"}},"image_picker_dJ3jrg":{"type":"image_picker","settings":{"alt-text":"","image":"shopify:\/\/shop_images\/Screen_Shot_2023-05-22_at_10.24.39_AM.webp"}}},"block_order":["image_picker_b4D9yA","image_picker_a33bgR","image_picker_tPJ7EW","image_picker_dJ3jrg"],"custom_css":[".unique-gallery-container {background-color: #fff;}",".unique-gallery-container img {max-width: auto; height: 350px;}"],"settings":{"section-title":"Explorez nos outils de soulagement du stress sans drogue"}},"multi-column":{"type":"multi-column","blocks":{"block-0":{"type":"image_column","settings":{"image":"shopify:\/\/shop_images\/81f832bf-459d-4fe1-b722-0fc9e472782e.png","image_width":100,"aspect_ratio":"natural","focal_point":"center","image_position":"above_text","image_link":"","small_caption":"","accent":"","heading":"","heading_font_class":"fs-heading-4-base","text":"","text_font_class":"fs-body-100","text_max_width":100,"link":"","link_text":"","button_style":"btn--secondary"}},"block-1":{"type":"image_column","settings":{"image":"shopify:\/\/shop_images\/Screenshot_2024-05-07_064352.png","image_width":74,"aspect_ratio":"natural","focal_point":"center","image_position":"above_text","image_link":"","small_caption":"","accent":"","heading":"","heading_font_class":"fs-heading-4-base","text":"","text_font_class":"fs-body-100","text_max_width":100,"link":"","link_text":"","button_style":"btn--secondary"}},"block-2":{"type":"image_column","settings":{"image":"shopify:\/\/shop_images\/19281a3e-a5c3-475e-a4cc-2df328b6aa20.png","image_width":100,"aspect_ratio":"natural","focal_point":"center","image_position":"above_text","image_link":"","small_caption":"","accent":"","heading":"","heading_font_class":"fs-heading-4-base","text":"","text_font_class":"fs-body-100","text_max_width":100,"link":"","link_text":"","button_style":"btn--secondary"}}},"block_order":["block-0","block-1","block-2"],"disabled":true,"custom_css":["{background-color: #fff;}"],"settings":{"title":"","subheading":"","heading_font_class":"fs-heading-1-base","heading_alignment":"center","content_vertical_alignment":"top","content_background_padding":"medium","columns":"3","column_spacing":28,"row_spacing":48,"column_alignment":"center","columns_mobile":"2","column_spacing_mobile":16,"row_spacing_mobile":48,"column_alignment_mobile":"center","background_behind_columns":false,"background_color":"","text_color":"#000000","button_background_color":"#000000","button_text_color":"#ffffff","enable_animation":true,"divider_style":"none","section_padding":"section--vertical-padding-top-bottom"}},"collapsible_row_list2_6JKgVR":{"type":"collapsible-row-list2","blocks":{"item_hnNr34":{"type":"item","settings":{"expand_by_default":false,"icon":"none","title":"Est-ce juste une paille ?","text":"<p>Le concept a été développé par un psychothérapeute qui s'est inspiré d'une ancienne technique de respiration de paille qui a immédiatement apaisé ses patients. Pensant que personne ne porterait de manière réaliste une paille, il a breveté l'ouverture de la chambre pour une expiration idéale et l'a conçue pour en faire un accessoire de tous les jours fabriqué avec les métaux les plus sûrs pour aider les gens à se détendre.<\/p>"}},"item_RFA3HC":{"type":"item","settings":{"expand_by_default":false,"icon":"none","title":"Quelle est la science?","text":"<p>La technique de respiration utilisée par notre outil <strong>prolonge votre expiration,<\/strong> ce qui déclenche le nerf vague pour calmer le corps et l'esprit. La science a été prouvée par l’Université de Stanford ; connue sous le nom d'« expiration physiologique », qui a été étudiée comme la technique la plus rapide pour détendre naturellement le système nerveux.<\/p>"}},"item_wYW8jq":{"type":"item","settings":{"expand_by_default":false,"icon":"none","title":"Est-ce que ça fait du bruit ?","text":"<p>Il est silencieux, vous pouvez donc l'utiliser discrètement n'importe où pour vous sentir calme.<\/p>"}},"item_rBbnEw":{"type":"item","settings":{"expand_by_default":false,"icon":"none","title":"Pourquoi ai-je besoin d’un outil pour respirer ?","text":"<p>Nous prenons 23 000 respirations par jour. De combien de ces respirations êtes-vous réellement conscient ? La respiration est automatique donc on oublie. Notre respiration devient superficielle tout au long de la journée, ce qui vous rend tendu. Des respirations profondes inversent cette sensation. Le collier vous fait utiliser la technique de respiration la plus efficace pour calmer votre système nerveux en quelques secondes, ce qui devient ensuite une habitude.<\/p>"}},"item_4Ej8KC":{"type":"item","settings":{"expand_by_default":false,"icon":"none","title":"Pourquoi est-ce que ça semble cher ?","text":"<p>Le Shift est conçu pour durer éternellement, au lieu d'être un bibelot de mode rapide. Nous utilisons de l'acier inoxydable de qualité médicale de qualité supérieure afin qu'il ne s'écaille pas, ne se décolore pas, ne se fissure pas, ne rouille pas et ne ternisse pas. Il ne nécessite aucun entretien et est sans danger pour votre bouche, vous pouvez donc l'utiliser à tout moment. La circonférence\/diamètre a également été testée et brevetée par un psychothérapeute pour guider l'expiration idéale qui déclenche le calme. Cela fonctionne parce que vous le portez, ce qui vous permet de mieux respirer par habitude.<\/p><p>Il s’agit d’une dépense ponctuelle conçue pour remplacer ces autres habitudes malsaines qui finissent par vous coûter plus que de l’argent.<\/p>"}}},"block_order":["item_hnNr34","item_RFA3HC","item_wYW8jq","item_rBbnEw","item_4Ej8KC"],"settings":{"title":"Tu n'es pas le premier à demander","heading_font_class":"fs-heading-3-base","heading_alignment":"center","item_heading_font":"heading","enable_animation":true,"divider_style":"none","section_padding":"section--vertical-padding-top-bottom","content_width":"custom","custom_content_width":700}}},"order":["main","image-with-text-1","custom_liquid_UzCCDE","rich_text_qqbKnA","image-with-text-2","orignal_multicolumn_qkGaaX","multi_column_nKGbwF","orignal_multicolumn_LgpQfb","rich_text_NANLXQ","image_with_text_aweLhy","quoteeeeeeeeeeeeeeeeeeeeeeeeeeeeeeeeeeeeeeee_4JWrWY","multi-column","collapsible_row_list2_6JKgVR"]}