{"sections":{"main":{"type":"main-page","settings":{"enable_animation":true,"content_width":"custom","custom_content_width":700}},"6dddadd1-067f-4249-91f6-170517591d57":{"type":"collapsible-row-list","blocks":{"template--20906642604342__6dddadd1-067f-4249-91f6-170517591d57-item-1":{"type":"item","settings":{"expand_by_default":false,"icon":"none","title":"I just placed an order, when will it be shipped?","text":"<p>It takes us an average of 24-48 hours to process your order and transport it to our carrier's sorting facility. Once your order has been processed by our shipping department, we cannot make any changes (including the address). We only deliver to the address you entered at checkout. If you have any questions, email us <\/p>"}},"template--20906642604342__6dddadd1-067f-4249-91f6-170517591d57-item-2":{"type":"item","settings":{"expand_by_default":false,"icon":"none","title":"I am not satisfied with my order, can I return it? What happens if a problem occurs?","text":"<p>We offer 100% money back guarantee only if you receive the product defective or damaged. You have 30 days to return the product to us for a full refund. You must return the product at your own expense. Once we have received the product , we will give you a full refund of your original purchase. Please include all names and order numbers on the returned packages. Please note: if your package is on the way, you must wait for it to arrive and ship it back before you can receive a refund.<\/p>"}},"template--20906642604342__6dddadd1-067f-4249-91f6-170517591d57-item-3":{"type":"item","settings":{"expand_by_default":false,"icon":"none","title":"Can I cancel my order?","text":"<p>You can cancel your order without incurring any costs. However, you must cancel your order before it is shipped.<\/p>"}},"template--20906642604342__6dddadd1-067f-4249-91f6-170517591d57-item-4":{"type":"item","settings":{"expand_by_default":false,"icon":"none","title":"I entered an incorrect address, what should I do now?","text":"<p>If you have entered an incorrect address, please wait for order confirmation by email. Once you have verified that the address entered is incorrect, please notify us by email at <a href=\"mailto:pocketprint.service@outlook.com\">info@rocetprinter.com<\/a>. If the address entered is incorrect, we can change it within 24 hours. No refunds will be given after 24 hours.<\/p>"}},"afd8aa2f-c793-47da-97b5-0bb81a7c4cbf":{"type":"item","settings":{"expand_by_default":false,"icon":"none","title":"How long does the delivery take?","text":"<p>About 5-10 working days.<\/p>"}},"d694ebdf-8578-4f06-9c7a-3cf9da132ef6":{"type":"item","settings":{"expand_by_default":false,"icon":"none","title":"I have a question that has not been answered.Can you help me, please?","text":"<p>Absolutely! We are here for you! Please email us at <a href=\"mailto:pocketprint.service@outlook.com\">info@rocketprinter.com <\/a>and we are happy to help.<\/p>"}}},"block_order":["template--20906642604342__6dddadd1-067f-4249-91f6-170517591d57-item-1","template--20906642604342__6dddadd1-067f-4249-91f6-170517591d57-item-2","template--20906642604342__6dddadd1-067f-4249-91f6-170517591d57-item-3","template--20906642604342__6dddadd1-067f-4249-91f6-170517591d57-item-4","afd8aa2f-c793-47da-97b5-0bb81a7c4cbf","d694ebdf-8578-4f06-9c7a-3cf9da132ef6"],"disabled":true,"settings":{"title":"","heading_font_class":"fs-heading-3-base","heading_alignment":"center","item_heading_font":"heading","enable_animation":true,"divider_style":"none","section_padding":"section--vertical-padding-bottom-only","content_width":"custom","custom_content_width":700}}},"order":["main","6dddadd1-067f-4249-91f6-170517591d57"]}