{"sections":{"main":{"type":"main-page","disabled":true,"settings":{"enable_animation":true,"content_width":"custom","custom_content_width":700}},"image-with-text-1":{"type":"image-with-text","blocks":{"block-0":{"type":"accent","settings":{"accent":"Accent"}},"block-1":{"type":"heading","settings":{"title":"Lookbook","heading_font_class":"fs-heading-display-2"}},"block-2":{"type":"text","settings":{"text_font_class":"fs-body-100"}},"block-3":{"type":"button","settings":{"link":"shopify:\/\/collections\/all","link_text":"Shop the collection","button_style":"btn--secondary"}}},"block_order":["block-0","block-1","block-2","block-3"],"settings":{"image_position":"right","text_alignment":"center","aspect_ratio":"portrait","focal_point":"center","image_caption":"","show_small_image":true,"image_small_aspect_ratio":"natural","image_small_focal_point":"center","background_color":"#fafafa","text_color":"#000000","button_background_color":"#000000","button_text_color":"#ffffff","enable_animation":true,"divider_style":"none","section_padding":"section--vertical-padding-top-bottom"}},"rich-text-1":{"type":"rich-text","blocks":{"block-0":{"type":"spacer","settings":{"space":48}},"block-1":{"type":"heading","settings":{"title":"Introduce your collection","heading_font_class":"fs-heading-2-base"}},"block-2":{"type":"text","settings":{"text_font_class":"fs-body-100"}}},"block_order":["block-0","block-1","block-2"],"settings":{"alignment":"center_center","enable_animation":true,"divider_style":"none","section_padding":"section--vertical-padding-top-bottom","content_width":"custom","custom_content_width":700}},"multi-column-1":{"type":"multi-column","blocks":{"block-0":{"type":"image_column","settings":{"image_width":100,"aspect_ratio":"portrait","focal_point":"center","image_position":"above_text","image_link":"","accent":"","heading":"","heading_font_class":"fs-heading-4-base","text_font_class":"fs-body-75","text_max_width":100,"button_style":"btn--callout"}},"block-1":{"type":"image_column","settings":{"image_width":100,"aspect_ratio":"portrait","focal_point":"center","image_position":"above_text","image_link":"","accent":"","heading":"","heading_font_class":"fs-heading-4-base","text_font_class":"fs-body-75","text_max_width":100,"button_style":"btn--callout"}},"block-2":{"type":"image_column","settings":{"image_width":100,"aspect_ratio":"portrait","focal_point":"center","image_position":"above_text","image_link":"","accent":"","heading":"","heading_font_class":"fs-heading-4-base","text_font_class":"fs-body-75","text_max_width":100,"button_style":"btn--callout"}},"block-3":{"type":"image_column","settings":{"image_width":100,"aspect_ratio":"portrait","focal_point":"center","image_position":"above_text","image_link":"","accent":"","heading":"","heading_font_class":"fs-heading-4-base","text_font_class":"fs-body-75","text_max_width":100,"button_style":"btn--callout"}}},"block_order":["block-0","block-1","block-2","block-3"],"settings":{"title":"","subheading":"","heading_font_class":"fs-heading-3-base","heading_alignment":"left","content_vertical_alignment":"top","content_background_padding":"medium","columns":"2","column_spacing":36,"row_spacing":48,"column_alignment":"center","columns_mobile":"2","column_spacing_mobile":20,"row_spacing_mobile":48,"column_alignment_mobile":"left","background_behind_columns":false,"background_color":"","text_color":"#000000","button_background_color":"#000000","button_text_color":"#ffffff","enable_animation":true,"divider_style":"none","section_padding":"section--vertical-padding-top-bottom"}},"complete-the-look-1":{"type":"complete-the-look","blocks":{"block-0":{"type":"product","settings":{"product_item":""}},"block-1":{"type":"product","settings":{"product_item":""}},"block-2":{"type":"product","settings":{"product_item":""}},"block-3":{"type":"product","settings":{"product_item":""}}},"block_order":["block-0","block-1","block-2","block-3"],"settings":{"video_loop":true,"video_controls":false,"image_position":"right","aspect_ratio":"portrait_alt","heading":"","subheading":"","link":"","link_text":"","button_style":"btn--callout","product_image_size":"medium","enable_animation":true,"divider_style":"none","section_padding":"section--vertical-padding-top-bottom"}},"multi-column-2":{"type":"multi-column","blocks":{"block-0":{"type":"image_column","settings":{"image_width":100,"aspect_ratio":"natural","focal_point":"center","image_position":"above_text","image_link":"","small_caption":"","accent":"","heading":"","heading_font_class":"fs-heading-4-base","text_font_class":"fs-body-75","text_max_width":100,"button_style":"btn--callout"}}},"block_order":["block-0"],"settings":{"title":"","subheading":"","heading_font_class":"fs-heading-3-base","heading_alignment":"left","content_vertical_alignment":"top","content_background_padding":"large","columns":"1","column_spacing":28,"row_spacing":28,"column_alignment":"center","columns_mobile":"1","column_spacing_mobile":20,"row_spacing_mobile":20,"column_alignment_mobile":"center","background_behind_columns":false,"background_color":"#ffffff","text_color":"#000000","button_background_color":"#000000","button_text_color":"#ffffff","enable_animation":true,"divider_style":"none","section_padding":"section--vertical-padding-bottom-only"}},"rich-text-2":{"type":"rich-text","blocks":{"block-0":{"type":"spacer","settings":{"space":48}},"block-1":{"type":"heading","settings":{"title":"Introduce your collection","heading_font_class":"fs-heading-2-base"}},"block-2":{"type":"text","settings":{"text_font_class":"fs-body-100"}}},"block_order":["block-0","block-1","block-2"],"settings":{"alignment":"center_center","enable_animation":true,"divider_style":"none","section_padding":"section--vertical-padding-top-bottom","content_width":"custom","custom_content_width":700}},"multi-column-3":{"type":"multi-column","blocks":{"block-0":{"type":"image_column","settings":{"image_width":100,"aspect_ratio":"portrait","focal_point":"center","image_position":"above_text","image_link":"","accent":"","heading":"","heading_font_class":"fs-heading-4-base","text_font_class":"fs-body-75","text_max_width":100,"button_style":"btn--callout"}},"block-1":{"type":"image_column","settings":{"image_width":100,"aspect_ratio":"portrait","focal_point":"center","image_position":"above_text","image_link":"","accent":"","heading":"","heading_font_class":"fs-heading-4-base","text_font_class":"fs-body-75","text_max_width":100,"button_style":"btn--callout"}},"block-2":{"type":"image_column","settings":{"image_width":100,"aspect_ratio":"portrait","focal_point":"center","image_position":"above_text","image_link":"","accent":"","heading":"","heading_font_class":"fs-heading-4-base","text_font_class":"fs-body-75","text_max_width":100,"button_style":"btn--callout"}},"block-3":{"type":"image_column","settings":{"image_width":100,"aspect_ratio":"portrait","focal_point":"center","image_position":"above_text","image_link":"","accent":"","heading":"","heading_font_class":"fs-heading-4-base","text_font_class":"fs-body-75","text_max_width":100,"button_style":"btn--callout"}}},"block_order":["block-0","block-1","block-2","block-3"],"settings":{"title":"","subheading":"","heading_font_class":"fs-heading-3-base","heading_alignment":"left","content_vertical_alignment":"top","content_background_padding":"medium","columns":"2","column_spacing":36,"row_spacing":48,"column_alignment":"center","columns_mobile":"2","column_spacing_mobile":20,"row_spacing_mobile":48,"column_alignment_mobile":"left","background_behind_columns":false,"background_color":"","text_color":"#000000","button_background_color":"#000000","button_text_color":"#ffffff","enable_animation":true,"divider_style":"none","section_padding":"section--vertical-padding-top-bottom"}},"complete-the-look-2":{"type":"complete-the-look","blocks":{"block-0":{"type":"product","settings":{"product_item":""}},"block-1":{"type":"product","settings":{"product_item":""}},"block-2":{"type":"product","settings":{"product_item":""}},"block-3":{"type":"product","settings":{"product_item":""}}},"block_order":["block-0","block-1","block-2","block-3"],"settings":{"video_loop":true,"video_controls":false,"image_position":"right","aspect_ratio":"portrait_alt","heading":"","subheading":"","link":"","link_text":"","button_style":"btn--callout","product_image_size":"medium","enable_animation":true,"divider_style":"none","section_padding":"section--vertical-padding-top-bottom"}},"multi-column-4":{"type":"multi-column","blocks":{"block-0":{"type":"image_column","settings":{"image_width":100,"aspect_ratio":"natural","focal_point":"center","image_position":"above_text","image_link":"","small_caption":"","accent":"","heading":"","heading_font_class":"fs-heading-4-base","text_font_class":"fs-body-75","text_max_width":100,"button_style":"btn--callout"}}},"block_order":["block-0"],"settings":{"title":"","subheading":"","heading_font_class":"fs-heading-3-base","heading_alignment":"left","content_vertical_alignment":"top","content_background_padding":"large","columns":"1","column_spacing":28,"row_spacing":28,"column_alignment":"center","columns_mobile":"1","column_spacing_mobile":20,"row_spacing_mobile":20,"column_alignment_mobile":"center","background_behind_columns":false,"background_color":"#ffffff","text_color":"#000000","button_background_color":"#000000","button_text_color":"#ffffff","enable_animation":true,"divider_style":"none","section_padding":"section--vertical-padding-bottom-only"}},"rich-text-4":{"type":"rich-text","blocks":{"block-0":{"type":"spacer","settings":{"space":12}},"block-1":{"type":"text","settings":{"text_font_class":"fs-body-100"}},"block-2":{"type":"button","settings":{"button_style":"btn--primary"}},"block-3":{"type":"spacer","settings":{"space":12}}},"block_order":["block-0","block-1","block-2","block-3"],"settings":{"alignment":"center_center","enable_animation":true,"divider_style":"none","section_padding":"section--vertical-padding-top-bottom","content_width":"custom","custom_content_width":700}},"image-with-text-2":{"type":"image-with-text","blocks":{"block-0":{"type":"heading","settings":{"heading_font_class":"fs-heading-1-base"}},"block-1":{"type":"text","settings":{"text":"<p>This self-taught designer brings a balance of sophisticated femininity, with dark accords & a nod to her personal style.<\/p>","text_font_class":"fs-body-100"}},"block-2":{"type":"button","settings":{"button_style":"btn--primary"}}},"block_order":["block-0","block-1","block-2"],"settings":{"image_position":"right","text_alignment":"center","aspect_ratio":"landscape","focal_point":"center","image_caption":"","show_small_image":false,"image_small_aspect_ratio":"square","image_small_focal_point":"center","background_color":"","text_color":"#000000","button_background_color":"#000000","button_text_color":"#ffffff","enable_animation":true,"divider_style":"solid","section_padding":"section--vertical-padding-top-bottom"}}},"order":["main","image-with-text-1","rich-text-1","multi-column-1","complete-the-look-1","multi-column-2","rich-text-2","multi-column-3","complete-the-look-2","multi-column-4","rich-text-4","image-with-text-2"]}