{"sections":{"main":{"type":"main-product--default","blocks":{"product_header":{"type":"product_header","settings":{"show_divider":true,"show_vendor":false,"show_sku":true,"show_discount":true,"discount_format":"percent_off","show_product_rating":false,"show_sale_badge":true,"show_custom_badges":true}},"variant_picker":{"type":"variant_picker","settings":{"variant_popup_option":"Size","variant_popup_icon":"measuring-tape","variant_popup_text":"Size guide","variant_popup_page":"","swatch_size":"small","chip_layout":"natural"}},"quantity_selector":{"type":"quantity_selector","settings":{"show_labels":true}},"buy_buttons":{"type":"buy_buttons","settings":{"show_dynamic_checkout":false}},"description":{"type":"description","settings":{"text_font_class":"fs-body-100","column_placement":"right","display_as_collapsible_row":false,"expand_by_default":false,"collapsible_row_title":""}},"product_callouts-2":{"type":"product_callouts","settings":{"add_box":false,"add_dividers":false,"icon_1":"none","text_1":"","icon_2":"cotton","text_2":"","icon_3":"checked-box","text_3":"<p>In stock, ready to ship<\/p>","icon_4":"moving-truck","text_4":"<p>Free shipping on all orders<\/p>","icon_5":"padlock","text_5":"<p>Secure checkout<\/p>","icon_6":"padlock","text_6":"","display_as_collapsible_row":false,"expand_by_default":false,"collapsible_row_title":""}}},"block_order":["product_header","variant_picker","quantity_selector","buy_buttons","description","product_callouts-2"],"settings":{"enable_sticky_product_details":true,"gallery_style":"thumbnails","gallery_size":"medium","gallery_overflow":"2","enable_video_looping":true,"enable_product_lightbox":true,"image_aspect_ratio":"portrait","enable_animation":true}},"1664818202ba1d5acd":{"type":"featured-collection-slider","blocks":{"16648182021e4850ae-0":{"type":"collection","settings":{"show_view_all":true,"collection":"frontpage","collection_name":""}}},"block_order":["16648182021e4850ae-0"],"settings":{"heading":"","subheading":"<p><strong>More to Love!<\/strong><\/p>","link":"","link_text":"","maximum_products":8,"columns":"4","mobile_columns":"2","enable_animation":true,"divider_style":"none","section_padding":"section--vertical-padding-top-bottom"}},"1664451436b7711727":{"type":"apps","settings":{}},"1664276609bf53b1fd":{"type":"contact-form","blocks":{"1664276609f85427a3-0":{"type":"text","settings":{"title":"Name","required":false,"width":"half"}},"1664276609f85427a3-1":{"type":"email","settings":{"title":"Email","width":"half"}},"1664276609f85427a3-2":{"type":"telephone","settings":{"title":"Phone","required":false,"width":"full"}},"1664276609f85427a3-3":{"type":"text_area","settings":{"title":"Message","placeholder":"Your message","required":false,"height":180,"width":"full"}}},"block_order":["1664276609f85427a3-0","1664276609f85427a3-1","1664276609f85427a3-2","1664276609f85427a3-3"],"settings":{"alignment":"center_left","heading":"Have a question?","heading_font_class":"fs-heading-4-base","text":"<p>Send us your inquiries here:<\/p>","show_recaptcha_terms":true,"enable_animation":true,"divider_style":"none","section_padding":"section--vertical-padding-top-bottom","content_width":"custom","custom_content_width":700}}},"order":["main","1664818202ba1d5acd","1664451436b7711727","1664276609bf53b1fd"]}