{"sections":{"main":{"type":"main-product--default","blocks":{"product_header":{"type":"product_header","settings":{"show_divider":true,"show_vendor":false,"show_sku":true,"show_discount":false,"discount_format":"percent_off","show_product_rating":false,"show_sale_badge":true,"show_custom_badges":false}},"variant_picker":{"type":"variant_picker","settings":{"variant_popup_option":"Size","variant_popup_icon":"measuring-tape","variant_popup_text":"Size guide","variant_popup_page":"","swatch_size":"small","chip_layout":"natural"}},"quantity_selector":{"type":"quantity_selector","settings":{"show_labels":true}},"buy_buttons":{"type":"buy_buttons","settings":{"show_dynamic_checkout":false}},"description":{"type":"description","settings":{"text_font_class":"fs-body-100","column_placement":"right","display_as_collapsible_row":false,"expand_by_default":false,"collapsible_row_title":"Description"}},"product_callouts-2":{"type":"product_callouts","settings":{"add_box":false,"add_dividers":false,"icon_1":"none","text_1":"","icon_2":"cotton","text_2":"","icon_3":"checked-box","text_3":"<p>In stock, ready to ship<\/p>","icon_4":"moving-truck","text_4":"<p>Free shipping on all orders<\/p>","icon_5":"padlock","text_5":"<p>Secure checkout<\/p>","icon_6":"padlock","text_6":"","display_as_collapsible_row":false,"expand_by_default":false,"collapsible_row_title":""}}},"block_order":["product_header","variant_picker","quantity_selector","buy_buttons","description","product_callouts-2"],"settings":{"enable_sticky_product_details":true,"gallery_style":"thumbnails","gallery_size":"medium","gallery_overflow":"2","enable_video_looping":true,"enable_product_lightbox":true,"image_aspect_ratio":"portrait","enable_animation":true}},"image-with-text-1":{"type":"image-with-text","blocks":{"d26048bb-61e4-4d8a-81fe-dd6db48bd894":{"type":"border","settings":{}},"b8a17303-c701-4dcb-8bb5-97568e8c57ee":{"type":"subheading","settings":{"subheading":"Prremium design. Perfect fit","subheading_font_class":"fs-heading-5-base"}},"8dab620b-6798-45df-a2e2-3a9e19149ed7":{"type":"border","settings":{}},"block-1":{"type":"text","settings":{"text":"<p>Our undies are the thinnest, driest and most comfortable leakproof underwear.<\/p>","text_font_class":"fs-body-100"}},"ac4d7953-3add-4e34-b94f-3dd0c3dd28cb":{"type":"text","settings":{"text":"<p>- Made of soft stretchy fabric.<\/p><p>- Ultra-absorbent.<\/p><p>- No harsh chemicals.<\/p><p>- Last for years.<\/p>","text_font_class":"fs-body-100"}}},"block_order":["d26048bb-61e4-4d8a-81fe-dd6db48bd894","b8a17303-c701-4dcb-8bb5-97568e8c57ee","8dab620b-6798-45df-a2e2-3a9e19149ed7","block-1","ac4d7953-3add-4e34-b94f-3dd0c3dd28cb"],"settings":{"image_position":"right","text_alignment":"center","image":"shopify:\/\/shop_images\/Untitled_design_2_fef3c069-04b2-408e-8f19-9d69e338e622.png","aspect_ratio":"natural","focal_point":"center","image_caption":"","show_small_image":false,"image_small_aspect_ratio":"square","image_small_focal_point":"center","background_color":"#ffffff","text_color":"#56696e","button_background_color":"#56696e","button_text_color":"#ffffff","enable_animation":true,"divider_style":"solid","section_padding":"section--vertical-padding-top-bottom"}},"image-with-text-2":{"type":"image-with-text","blocks":{"ee47b2de-53ed-4200-84f3-c7e3c8af4c5e":{"type":"border","settings":{}},"20973433-6c90-4c15-a2a3-3c1ee807846c":{"type":"subheading","settings":{"subheading":"Our undies are designed to withstand it all !","subheading_font_class":"fs-heading-5-base"}},"d1f105c8-3b60-4d41-b440-b5aa3d5259ca":{"type":"border","settings":{}},"block-1":{"type":"text","settings":{"text":"<p>Hiking, biking, running, spin class, you name it! Our undies got your back!<\/p>","text_font_class":"fs-body-100"}}},"block_order":["ee47b2de-53ed-4200-84f3-c7e3c8af4c5e","20973433-6c90-4c15-a2a3-3c1ee807846c","d1f105c8-3b60-4d41-b440-b5aa3d5259ca","block-1"],"settings":{"image_position":"left","text_alignment":"center","image":"shopify:\/\/shop_images\/woman-running.png","aspect_ratio":"landscape","focal_point":"center","image_caption":"","show_small_image":false,"image_small_aspect_ratio":"square","image_small_focal_point":"center","background_color":"#ffffff","text_color":"#56696e","button_background_color":"#56696e","button_text_color":"#ffffff","enable_animation":true,"divider_style":"none","section_padding":"section--vertical-padding-top-bottom"}},"166418132164c75fdb":{"type":"image-with-text","blocks":{"35f01713-7a66-424b-b5aa-b84a2096339e":{"type":"border","settings":{}},"1664181321b126b5be-1":{"type":"subheading","settings":{"subheading":"How it works?","subheading_font_class":"fs-heading-4-base"}},"6b755b05-0e4d-443d-8ed0-22bc755d4533":{"type":"border","settings":{}},"9677a84a-4289-44c0-9d40-d167588a6b4b":{"type":"text","settings":{"text":"<p>Our technology is made of 4 layers for a maximum protection. <\/p>","text_font_class":"fs-body-100"}}},"block_order":["35f01713-7a66-424b-b5aa-b84a2096339e","1664181321b126b5be-1","6b755b05-0e4d-443d-8ed0-22bc755d4533","9677a84a-4289-44c0-9d40-d167588a6b4b"],"settings":{"image_position":"right","text_alignment":"center","image":"shopify:\/\/shop_images\/Breathable_cotton_layer_1_37dff1bb-1143-4af2-9b1f-a3684428519c.png","aspect_ratio":"natural","focal_point":"center","image_caption":"","show_small_image":false,"image_small_aspect_ratio":"natural","image_small_focal_point":"center","background_color":"#ffffff","text_color":"#56696e","button_background_color":"#56696e","button_text_color":"#ffffff","enable_animation":true,"divider_style":"none","section_padding":"section--vertical-padding-top-bottom"}},"1664182716a0ed011f":{"type":"image-with-text","blocks":{"ac636839-889a-4603-95dc-8133fdc701d5":{"type":"border","settings":{}},"1664182715d36faa54-1":{"type":"subheading","settings":{"subheading":"How to clean?","subheading_font_class":"fs-heading-4-base"}},"c060f899-2bd0-4de4-85f2-c180a2da38d2":{"type":"border","settings":{}},"18e3abe8-22ba-4852-be9d-1b9bd959b62f":{"type":"text","settings":{"text":"<p>Take good care of your period underwear, and they will last you for ages.<\/p>","text_font_class":"fs-body-100"}}},"block_order":["ac636839-889a-4603-95dc-8133fdc701d5","1664182715d36faa54-1","c060f899-2bd0-4de4-85f2-c180a2da38d2","18e3abe8-22ba-4852-be9d-1b9bd959b62f"],"settings":{"image_position":"right","text_alignment":"center","image":"shopify:\/\/shop_images\/Breathable_cotton_layer_2.png","aspect_ratio":"square","focal_point":"center","image_caption":"","show_small_image":false,"image_small":"shopify:\/\/shop_images\/Breathable_cotton_layer_2_9ba10c99-4709-4f43-98b0-25548ad93ac0.png","image_small_aspect_ratio":"square","image_small_focal_point":"center","background_color":"#ffffff","text_color":"#56696e","button_background_color":"#56696e","button_text_color":"#ffffff","enable_animation":true,"divider_style":"none","section_padding":"section--vertical-padding-top-bottom"}},"1664192285e8124ce3":{"type":"featured-collection-slider","blocks":{"1664192284138f246b-0":{"type":"collection","settings":{"show_view_all":true,"collection":"period-underwear","collection_name":"First collection"}}},"block_order":["1664192284138f246b-0"],"settings":{"heading":"","subheading":"<p><strong>Bundle and Save!<\/strong><\/p>","link":"shopify:\/\/collections\/period-underwear","link_text":"","maximum_products":6,"columns":"4","mobile_columns":"2","enable_animation":true,"divider_style":"none","section_padding":"section--vertical-padding-top-bottom"}},"16644516138a82e9a8":{"type":"apps","settings":{}}},"order":["main","image-with-text-1","image-with-text-2","166418132164c75fdb","1664182716a0ed011f","1664192285e8124ce3","16644516138a82e9a8"]}