{"sections":{"main":{"type":"main-product--default","blocks":{"product_header":{"type":"product_header","settings":{"show_divider":true,"show_vendor":false,"show_sku":true,"show_discount":true,"discount_format":"percent_off","show_product_rating":false,"show_sale_badge":true,"show_custom_badges":true}},"variant_picker":{"type":"variant_picker","settings":{"variant_popup_option":"Size","variant_popup_icon":"measuring-tape","variant_popup_text":"Size guide","variant_popup_page":"","swatch_size":"small","chip_layout":"natural"}},"quantity_selector":{"type":"quantity_selector","settings":{"show_labels":true}},"buy_buttons":{"type":"buy_buttons","settings":{"show_dynamic_checkout":false}},"description":{"type":"description","settings":{"text_font_class":"fs-body-100","column_placement":"right","display_as_collapsible_row":false,"expand_by_default":false,"collapsible_row_title":""}},"product_callouts-2":{"type":"product_callouts","settings":{"add_box":false,"add_dividers":false,"icon_1":"none","text_1":"","icon_2":"cotton","text_2":"","icon_3":"checked-box","text_3":"<p>In stock, ready to ship<\/p>","icon_4":"moving-truck","text_4":"<p>Free shipping on all orders<\/p>","icon_5":"padlock","text_5":"<p>Secure checkout<\/p>","icon_6":"padlock","text_6":"","display_as_collapsible_row":false,"expand_by_default":false,"collapsible_row_title":""}}},"block_order":["product_header","variant_picker","quantity_selector","buy_buttons","description","product_callouts-2"],"settings":{"enable_sticky_product_details":true,"gallery_style":"thumbnails","gallery_size":"medium","gallery_overflow":"2","enable_video_looping":true,"enable_product_lightbox":true,"image_aspect_ratio":"portrait","enable_animation":true}},"image-with-text-2":{"type":"image-with-text","blocks":{"239833fe-2b4c-4220-bff0-81086ea98fb8":{"type":"border","settings":{}},"20973433-6c90-4c15-a2a3-3c1ee807846c":{"type":"subheading","settings":{"subheading":"How it works?","subheading_font_class":"fs-heading-5-base"}},"746b0da3-6727-4c66-b506-5f18f8092f42":{"type":"border","settings":{}},"block-1":{"type":"text","settings":{"text":"<p>Think of Serena as your personal masseuse that you can take with you everywhere. You can choose from: <\/p>","text_font_class":"fs-body-100"}},"2f221155-921f-4c91-afef-a4087b7ca863":{"type":"text","settings":{"text":"<p><strong>3 heating modes:<\/strong><\/p><p>- Low : 50°<\/p><p>- Medium : 55°<\/p><p>- High : 60°<\/p><p><\/p>","text_font_class":"fs-body-100"}},"b5460da3-18dc-413f-909d-0d0014ea5553":{"type":"text","settings":{"text":"<p><strong>3 massage levels:<\/strong><\/p><p>- Low vibration.<\/p><p>- Medium vibration.<\/p><p>- High vibration.<\/p>","text_font_class":"fs-body-100"}}},"block_order":["239833fe-2b4c-4220-bff0-81086ea98fb8","20973433-6c90-4c15-a2a3-3c1ee807846c","746b0da3-6727-4c66-b506-5f18f8092f42","block-1","2f221155-921f-4c91-afef-a4087b7ca863","b5460da3-18dc-413f-909d-0d0014ea5553"],"settings":{"image_position":"left","text_alignment":"center","image":"shopify:\/\/shop_images\/Untitled_design_a2e6380d-75ef-4263-be37-74e44d6fa9d2.png","aspect_ratio":"natural","focal_point":"center","image_caption":"","show_small_image":false,"image_small_aspect_ratio":"square","image_small_focal_point":"center","background_color":"#ffffff","text_color":"#56696e","button_background_color":"#56696e","button_text_color":"#ffffff","enable_animation":true,"divider_style":"solid","section_padding":"section--vertical-padding-top-bottom"}},"image-with-text-1":{"type":"image-with-text","blocks":{"9821651b-69d2-4fd2-9461-3ecc6a070738":{"type":"border","settings":{}},"b8a17303-c701-4dcb-8bb5-97568e8c57ee":{"type":"subheading","settings":{"subheading":"Massage your cramps away with Serena.","subheading_font_class":"fs-heading-5-base"}},"5e926e3a-14c3-4ccf-82b0-42a39f189084":{"type":"border","settings":{}},"block-1":{"type":"text","settings":{"text":"<p>In three easy steps, say goodbye to period cramps.<\/p>","text_font_class":"fs-body-100"}},"ac4d7953-3add-4e34-b94f-3dd0c3dd28cb":{"type":"text","settings":{"text":"<p>1- Put Serena on.<\/p><p>2- Press the start button.<\/p><p>3- Relax.<\/p>","text_font_class":"fs-body-100"}}},"block_order":["9821651b-69d2-4fd2-9461-3ecc6a070738","b8a17303-c701-4dcb-8bb5-97568e8c57ee","5e926e3a-14c3-4ccf-82b0-42a39f189084","block-1","ac4d7953-3add-4e34-b94f-3dd0c3dd28cb"],"settings":{"image_position":"right","text_alignment":"center","image":"shopify:\/\/shop_images\/Untitled_design_15_90033fe5-8d13-473c-b24a-94a14556aa93.png","aspect_ratio":"square","focal_point":"center","image_caption":"","show_small_image":false,"image_small_aspect_ratio":"square","image_small_focal_point":"center","background_color":"#ffffff","text_color":"#56696e","button_background_color":"#56696e","button_text_color":"#ffffff","enable_animation":true,"divider_style":"none","section_padding":"section--vertical-padding-top-bottom"}},"166418132164c75fdb":{"type":"image-with-text","blocks":{"247ed7c1-a1f2-47a2-8b1b-1adadd4e2312":{"type":"border","settings":{}},"1664181321b126b5be-1":{"type":"subheading","settings":{"subheading":"No more painkillers or hot water bottles.","subheading_font_class":"fs-heading-5-base"}},"06a000b4-7f33-4607-86d0-a1a961fa16d6":{"type":"border","settings":{}},"9677a84a-4289-44c0-9d40-d167588a6b4b":{"type":"text","settings":{"text":"<p>It's time to switch to Serena for a healthier, safer and drug-free period cramp relief.<\/p>","text_font_class":"fs-body-100"}}},"block_order":["247ed7c1-a1f2-47a2-8b1b-1adadd4e2312","1664181321b126b5be-1","06a000b4-7f33-4607-86d0-a1a961fa16d6","9677a84a-4289-44c0-9d40-d167588a6b4b"],"settings":{"image_position":"right","text_alignment":"center","image":"shopify:\/\/shop_images\/Untitled_design_1_e179488d-9af8-4626-9ade-7f5f21904d3c.png","aspect_ratio":"natural","focal_point":"center","image_caption":"","show_small_image":false,"image_small_aspect_ratio":"square","image_small_focal_point":"center","background_color":"#ffffff","text_color":"#56696e","button_background_color":"#56696e","button_text_color":"#ffffff","enable_animation":true,"divider_style":"none","section_padding":"section--vertical-padding-top-bottom"}},"1664182716a0ed011f":{"type":"image-with-text","blocks":{"96bd89ee-cb87-4be1-8fc5-158bf97147e8":{"type":"border","settings":{}},"1664182715d36faa54-1":{"type":"subheading","settings":{"subheading":"Say goodbye to cramps forever!","subheading_font_class":"fs-heading-5-base"}},"c060f899-2bd0-4de4-85f2-c180a2da38d2":{"type":"border","settings":{}},"18e3abe8-22ba-4852-be9d-1b9bd959b62f":{"type":"text","settings":{"text":"<p>Serena can be worn on your tummy or lower back. Put her on and let her do her magic while you go about your day.<\/p>","text_font_class":"fs-body-100"}}},"block_order":["96bd89ee-cb87-4be1-8fc5-158bf97147e8","1664182715d36faa54-1","c060f899-2bd0-4de4-85f2-c180a2da38d2","18e3abe8-22ba-4852-be9d-1b9bd959b62f"],"settings":{"image_position":"left","text_alignment":"center","image":"shopify:\/\/shop_images\/Untitled_design_3.png","aspect_ratio":"square","focal_point":"center","image_caption":"","show_small_image":false,"image_small_aspect_ratio":"square","image_small_focal_point":"center","background_color":"#ffffff","text_color":"#56696e","button_background_color":"#56696e","button_text_color":"#ffffff","enable_animation":true,"divider_style":"none","section_padding":"section--vertical-padding-top-bottom"}},"16641964022fc9c452":{"type":"collapsible-row-list","blocks":{"1664196402d84a6781-0":{"type":"item","settings":{"expand_by_default":false,"icon":"none","title":"Does Serena really work?","text":"<p>Absolutely! Research has shown that heat and massage therapy help relax the muscles of your uterus and boost circulation which reduces pain significantly. <\/p>"}},"1664196402d84a6781-1":{"type":"item","settings":{"expand_by_default":false,"icon":"none","title":"Where can I use Serena?","text":"<p>Serena comes with a built-in rechargeable battery and a slim lightweigh design. Which means that you can take her with you anywhere. <\/p>"}},"1664196402d84a6781-3":{"type":"item","settings":{"expand_by_default":false,"icon":"none","title":"Can I use Serena for back pain?","text":"<p>Absolutely ! You can wear Serena on your tummy or your lower back.<\/p>"}},"1664196402d84a6781-2":{"type":"item","settings":{"expand_by_default":false,"icon":"none","title":"What if Serena doesn't work ?","text":"<p>We have a 30 day refund policy. If Serena doesn't work for you, we'll be more that happy to send your money back.<\/p>"}}},"block_order":["1664196402d84a6781-0","1664196402d84a6781-1","1664196402d84a6781-3","1664196402d84a6781-2"],"settings":{"title":"FAQs","heading_font_class":"fs-heading-4-base","heading_alignment":"center","item_heading_font":"heading","enable_animation":true,"divider_style":"none","section_padding":"section--vertical-padding-top-bottom","content_width":"custom","custom_content_width":450}},"16648182790c03e141":{"type":"featured-collection-slider","blocks":{"166481827927e6838d-0":{"type":"collection","settings":{"show_view_all":false,"collection":"frontpage","collection_name":""}}},"block_order":["166481827927e6838d-0"],"settings":{"heading":"","subheading":"<p><strong>More to Love!<\/strong><\/p>","link":"","link_text":"","maximum_products":8,"columns":"4","mobile_columns":"2","enable_animation":true,"divider_style":"none","section_padding":"section--vertical-padding-top-bottom"}},"1664451544e0b9e859":{"type":"apps","settings":{}}},"order":["main","image-with-text-2","image-with-text-1","166418132164c75fdb","1664182716a0ed011f","16641964022fc9c452","16648182790c03e141","1664451544e0b9e859"]}