{"sections":{"main":{"type":"main-product--default","blocks":{"product_header":{"type":"product_header","settings":{"show_divider":true,"show_vendor":false,"show_sku":true,"show_discount":false,"discount_format":"percent_off","show_product_rating":false,"show_sale_badge":true,"show_custom_badges":true}},"variant_picker":{"type":"variant_picker","settings":{"variant_popup_option":"Size","variant_popup_icon":"measuring-tape","variant_popup_text":"Size guide","variant_popup_page":"","swatch_size":"small","chip_layout":"natural"}},"quantity_selector":{"type":"quantity_selector","settings":{"show_labels":true}},"buy_buttons":{"type":"buy_buttons","settings":{"show_dynamic_checkout":false}},"description":{"type":"description","settings":{"text_font_class":"fs-body-100","column_placement":"right","display_as_collapsible_row":false,"expand_by_default":false,"collapsible_row_title":""}},"product_callouts-2":{"type":"product_callouts","settings":{"add_box":false,"add_dividers":false,"icon_1":"none","text_1":"","icon_2":"cotton","text_2":"","icon_3":"checked-box","text_3":"<p>In stock, ready to ship<\/p>","icon_4":"moving-truck","text_4":"<p>Free shipping on all orders<\/p>","icon_5":"padlock","text_5":"<p>Secure checkout<\/p>","icon_6":"padlock","text_6":"","display_as_collapsible_row":false,"expand_by_default":false,"collapsible_row_title":""}}},"block_order":["product_header","variant_picker","quantity_selector","buy_buttons","description","product_callouts-2"],"settings":{"enable_sticky_product_details":true,"gallery_style":"thumbnails","gallery_size":"medium","gallery_overflow":"2","enable_video_looping":true,"enable_product_lightbox":true,"image_aspect_ratio":"portrait","enable_animation":true}},"image-with-text-1":{"type":"image-with-text","blocks":{"d8a9deba-e7d5-4830-a912-a4037c697864":{"type":"border","settings":{}},"b8a17303-c701-4dcb-8bb5-97568e8c57ee":{"type":"subheading","settings":{"subheading":"Premium design. Perfect fit","subheading_font_class":"fs-heading-4-base"}},"28556159-8f53-407d-a754-c171dd18a5bb":{"type":"border","settings":{}},"block-1":{"type":"text","settings":{"text":"<p>Designed to be the most<br\/>comfortable and easy to use cup on the market.<\/p>","text_font_class":"fs-body-100"}},"ac4d7953-3add-4e34-b94f-3dd0c3dd28cb":{"type":"text","settings":{"text":"<p>- Oder free.<\/p>","text_font_class":"fs-body-100"}},"224efa5a-52ef-4241-840d-36202424732e":{"type":"text","settings":{"text":"<p>- Medical grade silicone.<\/p>","text_font_class":"fs-body-100"}},"ecdfebf5-0d69-467a-83b7-6a7c0a225639":{"type":"text","settings":{"text":"<p>- Soft rounded stem.<\/p>","text_font_class":"fs-body-100"}},"75221a99-c633-4188-b46d-020fc1f537f0":{"type":"text","settings":{"text":"<p>- Bulb shape double seal.<\/p>","text_font_class":"fs-body-100"}}},"block_order":["d8a9deba-e7d5-4830-a912-a4037c697864","b8a17303-c701-4dcb-8bb5-97568e8c57ee","28556159-8f53-407d-a754-c171dd18a5bb","block-1","ac4d7953-3add-4e34-b94f-3dd0c3dd28cb","224efa5a-52ef-4241-840d-36202424732e","ecdfebf5-0d69-467a-83b7-6a7c0a225639","75221a99-c633-4188-b46d-020fc1f537f0"],"settings":{"image_position":"right","text_alignment":"center","image":"shopify:\/\/shop_images\/Untitled_design_15.png","aspect_ratio":"square","focal_point":"center","image_caption":"","show_small_image":false,"image_small_aspect_ratio":"square","image_small_focal_point":"center","background_color":"#ffffff","text_color":"#56696e","button_background_color":"#56696e","button_text_color":"#ffffff","enable_animation":true,"divider_style":"none","section_padding":"section--vertical-padding-top-bottom"}},"image-with-text-2":{"type":"image-with-text","blocks":{"86445bb8-0b89-43b7-aa96-e8d0c9b3a596":{"type":"border","settings":{}},"20973433-6c90-4c15-a2a3-3c1ee807846c":{"type":"subheading","settings":{"subheading":"No more stained bedsheets","subheading_font_class":"fs-heading-4-base"}},"3937e0b2-77e5-466c-af1f-f723dcab8732":{"type":"border","settings":{}},"block-1":{"type":"text","settings":{"text":"<p>Sleep peacefully through<br\/>the night with our leak-proof cups.<\/p>","text_font_class":"fs-body-100"}},"2f221155-921f-4c91-afef-a4087b7ca863":{"type":"text","settings":{"text":"<p>- Gentle on your skin.<\/p>","text_font_class":"fs-body-100"}},"b5460da3-18dc-413f-909d-0d0014ea5553":{"type":"text","settings":{"text":"<p>- No mess, no oders.<\/p>","text_font_class":"fs-body-100"}},"be7bed94-0327-4bb5-acd2-d479c75907f4":{"type":"text","settings":{"text":"<p>- Say bye to irritation and dryness. <\/p>","text_font_class":"fs-body-100"}},"1d2c7ee9-88d6-4294-b470-0fb1a9649c8f":{"type":"text","settings":{"text":"<p>- 12h reliable leakproof protection.<\/p>","text_font_class":"fs-body-100"}}},"block_order":["86445bb8-0b89-43b7-aa96-e8d0c9b3a596","20973433-6c90-4c15-a2a3-3c1ee807846c","3937e0b2-77e5-466c-af1f-f723dcab8732","block-1","2f221155-921f-4c91-afef-a4087b7ca863","b5460da3-18dc-413f-909d-0d0014ea5553","be7bed94-0327-4bb5-acd2-d479c75907f4","1d2c7ee9-88d6-4294-b470-0fb1a9649c8f"],"settings":{"image_position":"left","text_alignment":"center","image":"shopify:\/\/shop_images\/sleep.jpg","aspect_ratio":"natural","focal_point":"center","image_caption":"","show_small_image":false,"image_small_aspect_ratio":"square","image_small_focal_point":"center","background_color":"#ffffff","text_color":"#56696e","button_background_color":"#56696e","button_text_color":"#ffffff","enable_animation":true,"divider_style":"none","section_padding":"section--vertical-padding-top-bottom"}},"166418132164c75fdb":{"type":"image-with-text","blocks":{"358e4c88-575d-4315-9b51-c9bfae174a9a":{"type":"border","settings":{}},"1664181321b126b5be-1":{"type":"subheading","settings":{"subheading":"Live your life freely !","subheading_font_class":"fs-heading-4-base"}},"a18f3d7d-2879-4548-846e-d5311ec38620":{"type":"border","settings":{}},"9677a84a-4289-44c0-9d40-d167588a6b4b":{"type":"text","settings":{"text":"<p>Our menstrual cups are designed to make you forget about your period. Wear up to 12 hours to swim, hike, bike, run, no worries! Live your life as free as a bird.<\/p>","text_font_class":"fs-body-100"}}},"block_order":["358e4c88-575d-4315-9b51-c9bfae174a9a","1664181321b126b5be-1","a18f3d7d-2879-4548-846e-d5311ec38620","9677a84a-4289-44c0-9d40-d167588a6b4b"],"settings":{"image_position":"right","text_alignment":"center","image":"shopify:\/\/shop_images\/hiking_2.jpg","aspect_ratio":"natural","focal_point":"center","image_caption":"","show_small_image":false,"image_small_aspect_ratio":"square","image_small_focal_point":"center","background_color":"#ffffff","text_color":"#56696e","button_background_color":"#56696e","button_text_color":"#ffffff","enable_animation":true,"divider_style":"none","section_padding":"section--vertical-padding-top-bottom"}},"1664182716a0ed011f":{"type":"image-with-text","blocks":{"48b5bfa4-60fe-43a2-9c86-9c6893f77064":{"type":"border","settings":{}},"1664182715d36faa54-1":{"type":"subheading","settings":{"subheading":"Cup size guide","subheading_font_class":"fs-heading-4-base"}},"c060f899-2bd0-4de4-85f2-c180a2da38d2":{"type":"border","settings":{}},"18e3abe8-22ba-4852-be9d-1b9bd959b62f":{"type":"text","settings":{"text":"<p><strong>SMALL:<\/strong><\/p><p>- Light to normal flow.<\/p><p>-  2 to 3 tampons a day.<\/p><p>- Recommended for low cervix.<\/p><p>- First time cup user.<\/p>","text_font_class":"fs-body-100"}},"d51877b6-d16f-41c0-94ce-b7f9b512aa85":{"type":"border","settings":{}},"2eae7c36-68fc-47a8-b09e-a5c9bb02c6cb":{"type":"text","settings":{"text":"<p><strong>LARGE:<\/strong><\/p><p>- Normal to heavy flow.<\/p><p>- 3 to 4 tampons a day.<\/p><p>- Recommended for high cervix.<\/p><p>- Post child-birth.<\/p>","text_font_class":"fs-body-100"}}},"block_order":["48b5bfa4-60fe-43a2-9c86-9c6893f77064","1664182715d36faa54-1","c060f899-2bd0-4de4-85f2-c180a2da38d2","18e3abe8-22ba-4852-be9d-1b9bd959b62f","d51877b6-d16f-41c0-94ce-b7f9b512aa85","2eae7c36-68fc-47a8-b09e-a5c9bb02c6cb"],"settings":{"image_position":"left","text_alignment":"center","image":"shopify:\/\/shop_images\/Large.png","aspect_ratio":"square","focal_point":"center","image_caption":"","show_small_image":false,"image_small_aspect_ratio":"square","image_small_focal_point":"center","background_color":"#ffffff","text_color":"#56696e","button_background_color":"#56696e","button_text_color":"#ffffff","enable_animation":true,"divider_style":"none","section_padding":"section--vertical-padding-top-bottom"}},"1664183188f5bcc9cf":{"type":"image-with-text","blocks":{"0a2f2ffb-4167-476d-8194-d217ad233740":{"type":"border","settings":{}},"1664183187bf108204-1":{"type":"subheading","settings":{"subheading":"How to use your menstrual cup","subheading_font_class":"fs-heading-4-base"}},"c5a300d8-8e3f-4c67-8d13-85eae2f63f09":{"type":"border","settings":{}},"9b6e0d79-2407-43b8-a5db-4346d64b5f45":{"type":"text","settings":{"text":"<p>Fold and insert horizontally toward your tailbone. Once your cup is filled, you simply empty, rinse, sterilize to kill all the bacteria, and insert again.<\/p>","text_font_class":"fs-body-100"}}},"block_order":["0a2f2ffb-4167-476d-8194-d217ad233740","1664183187bf108204-1","c5a300d8-8e3f-4c67-8d13-85eae2f63f09","9b6e0d79-2407-43b8-a5db-4346d64b5f45"],"settings":{"image_position":"right","text_alignment":"center","image":"shopify:\/\/shop_images\/RUBY_25_COMP_OPT_V2.gif","aspect_ratio":"natural","focal_point":"center","image_caption":"","show_small_image":false,"image_small_aspect_ratio":"square","image_small_focal_point":"center","background_color":"#ffffff","text_color":"#56696e","button_background_color":"#56696e","button_text_color":"#ffffff","enable_animation":true,"divider_style":"none","section_padding":"section--vertical-padding-top-bottom"}},"1664183793a221227d":{"type":"image-with-text","blocks":{"510f5ddc-c454-4568-a9bb-2655f6845cfc":{"type":"border","settings":{}},"1664183792cc3fc93a-1":{"type":"subheading","settings":{"subheading":"How to clean?","subheading_font_class":"fs-heading-4-base"}},"d5e36ba7-ea6e-4182-9187-a73555c9c994":{"type":"border","settings":{}},"1009899c-7dc9-4c12-9d7b-127b801bbe4a":{"type":"text","settings":{"text":"<p>We recommend that you clean your menstrual cup with a steam sterilizer.<\/p><p>Our menstrual cup sterilizer eliminates  99.9% of germs and bacteria.<\/p>","text_font_class":"fs-body-100"}},"1664183792cc3fc93a-2":{"type":"button","settings":{"link":"shopify:\/\/products\/the-sustainable-life-bundle","link_text":"VIEW PRODUCT","button_style":"btn--primary"}}},"block_order":["510f5ddc-c454-4568-a9bb-2655f6845cfc","1664183792cc3fc93a-1","d5e36ba7-ea6e-4182-9187-a73555c9c994","1009899c-7dc9-4c12-9d7b-127b801bbe4a","1664183792cc3fc93a-2"],"settings":{"image_position":"left","text_alignment":"center","image":"shopify:\/\/shop_images\/green.jpg","aspect_ratio":"natural","focal_point":"center","image_caption":"","show_small_image":false,"image_small_aspect_ratio":"square","image_small_focal_point":"center","background_color":"#ffffff","text_color":"#56696e","button_background_color":"#f6ebf5","button_text_color":"#56696e","enable_animation":true,"divider_style":"none","section_padding":"section--vertical-padding-top-bottom"}},"16642717377a989cbc":{"type":"collapsible-row-list","blocks":{"1664271737eb5b38a7-0":{"type":"item","settings":{"expand_by_default":false,"icon":"none","title":"I just had a baby. Can I use the menstrual cup?","text":"<p>We do not recommend using a menstrual cup right after birth. Wait until you feel your body and genitals have healed from the delivery.<\/p>"}},"1664271737eb5b38a7-1":{"type":"item","settings":{"expand_by_default":false,"icon":"none","title":"I feel sceptical about this. Does it really work?","text":"<p>We are confident that you will love it! Surveys have shown that 9 out of 10 women who used a menstrual cup are satisfied, and prefer it to pads and tampons.<\/p>"}},"1664271737eb5b38a7-2":{"type":"item","settings":{"expand_by_default":false,"icon":"none","title":"How often should I clean my menstrual cup?","text":"<p>Always sterilize your menstrual cup before and after use. We recommend using our menstrual cup sterilizer for an easy cleaning.<\/p>"}},"1664271737eb5b38a7-3":{"type":"item","settings":{"expand_by_default":false,"icon":"none","title":"Will my menstrual cup leak?","text":"<p>When inserted properly, the menstrual cup will not leak. Make sure that it has opened up entirely and that there are no folds.<\/p>"}}},"block_order":["1664271737eb5b38a7-0","1664271737eb5b38a7-1","1664271737eb5b38a7-2","1664271737eb5b38a7-3"],"settings":{"title":"FAQs","heading_font_class":"fs-heading-4-base","heading_alignment":"center","item_heading_font":"heading","enable_animation":true,"divider_style":"solid","section_padding":"section--vertical-padding-top-bottom","content_width":"custom","custom_content_width":650}},"1664818381f547ba3a":{"type":"featured-collection-slider","blocks":{"16648183811a116e4b-0":{"type":"collection","settings":{"show_view_all":true,"collection":"frontpage","collection_name":""}}},"block_order":["16648183811a116e4b-0"],"settings":{"heading":"More to Love!","subheading":"","link":"","link_text":"","maximum_products":8,"columns":"4","mobile_columns":"2","enable_animation":true,"divider_style":"none","section_padding":"section--vertical-padding-top-bottom"}},"1664451699a8191e2b":{"type":"apps","settings":{}}},"order":["main","image-with-text-1","image-with-text-2","166418132164c75fdb","1664182716a0ed011f","1664183188f5bcc9cf","1664183793a221227d","16642717377a989cbc","1664818381f547ba3a","1664451699a8191e2b"]}