{"sections":{"slideshow":{"type":"slideshow","blocks":{"block-0":{"type":"slide","settings":{"focal_point":"center","mobile_focal_point":"center","media_link":"","text_position":"center_center","accent":"","title":"Slideshow","heading_font_class":"fs-heading-display-2","subheading":"","subheading_font_class":"fs-heading-5-base","text":"<p>Use this section to make a bold statement<\/p>","text_font_class":"fs-body-100","link_1":"","link_text_1":"Read more","button_style_1":"btn--primary","link_2":"","link_text_2":"Read more","button_style_2":"btn--primary","text_color":"#ffffff","button_background_color":"#ffffff","button_text_color":"#000000","color_overlay":"#000000","color_overlay_gradient":"","overlay_opacity":40}},"block-1":{"type":"slide","settings":{"focal_point":"center","mobile_focal_point":"center","media_link":"","text_position":"center_center","accent":"","title":"Slideshow","heading_font_class":"fs-heading-display-2","subheading":"","subheading_font_class":"fs-heading-5-base","text":"<p>Use this section to make a bold statement<\/p>","text_font_class":"fs-body-100","link_1":"","link_text_1":"Read more","button_style_1":"btn--primary","link_2":"","link_text_2":"Read more","button_style_2":"btn--primary","text_color":"#ffffff","button_background_color":"#ffffff","button_text_color":"#000000","color_overlay":"#000000","color_overlay_gradient":"","overlay_opacity":40}}},"block_order":["block-0","block-1"],"settings":{"image_aspect":"custom","desktop_height":75,"mobile_height":75,"enable_autoplay":true,"duration_autoplay":6,"navigation_alignment":"center","navigation_color_foreground":"#ffffff","navigation_color_background":"","navigation_background_opacity":100,"enable_animation":true,"section_padding":"none"}},"image-with-text-1":{"type":"image-with-text","blocks":{"block-0":{"type":"heading","settings":{"title":"Image with text","heading_font_class":"fs-heading-display-3"}},"block-1":{"type":"text","settings":{"text":"<p>Use these sections to promote a particular feature with editorial photography<\/p>","text_font_class":"fs-body-100"}}},"block_order":["block-0","block-1"],"settings":{"image_position":"right","text_alignment":"left","aspect_ratio":"square","focal_point":"center","image_caption":"Optional image caption","show_small_image":true,"image_small_aspect_ratio":"square","image_small_focal_point":"center","background_color":"","text_color":"#000000","button_background_color":"#000000","button_text_color":"#ffffff","enable_animation":true,"divider_style":"none","section_padding":"section--vertical-padding-top-bottom"}},"image-with-text-2":{"type":"image-with-text","blocks":{"block-0":{"type":"heading","settings":{"title":"Image with text","heading_font_class":"fs-heading-display-3"}},"block-1":{"type":"text","settings":{"text":"<p>Use these sections to promote a particular feature with editorial photography<\/p>","text_font_class":"fs-body-100"}}},"block_order":["block-0","block-1"],"settings":{"image_position":"left","text_alignment":"left","aspect_ratio":"square","focal_point":"center","image_caption":"Optional image caption","show_small_image":true,"image_small_aspect_ratio":"square","image_small_focal_point":"center","background_color":"rgba(0,0,0,0)","text_color":"#000000","button_background_color":"#000000","button_text_color":"#ffffff","enable_animation":true,"divider_style":"none","section_padding":"section--vertical-padding-top-bottom"}},"main":{"type":"main-product--default","blocks":{"product_header":{"type":"product_header","settings":{"show_divider":true,"show_vendor":true,"show_sku":true,"show_discount":true,"discount_format":"percent_off","show_product_rating":false,"show_sale_badge":true,"show_custom_badges":true}},"variant_picker":{"type":"variant_picker","settings":{"variant_popup_option":"Size","variant_popup_icon":"measuring-tape","variant_popup_text":"Size guide","variant_popup_page":"","swatch_size":"medium","chip_layout":"3col"}},"inventory_counter":{"type":"inventory-counter","settings":{"label":"Availability","inventory_max":"100","low_inventory_threshold":"40","show_status_bar":true}},"quantity_selector":{"type":"quantity_selector","settings":{"show_labels":true}},"buy_buttons":{"type":"buy_buttons","settings":{"show_dynamic_checkout":true}},"product_callouts":{"type":"product_callouts","settings":{"add_box":true,"add_dividers":true,"icon_1":"chat","text_1":"<p>Have questions? Contact us<\/p>","icon_2":"moving-truck","text_2":"<p>Free shipping on orders over $250<\/p>","icon_3":"padlock","text_3":"<p>Secure payment<\/p>","icon_4":"none","text_4":"","icon_5":"none","text_5":"","icon_6":"none","text_6":"","display_as_collapsible_row":false,"expand_by_default":false,"collapsible_row_title":""}},"description":{"type":"description","settings":{"text_font_class":"fs-body-100","column_placement":"right","display_as_collapsible_row":true,"expand_by_default":true,"collapsible_row_title":"Description"}},"accordion-0":{"type":"accordion","settings":{"expand_by_default":false,"column_placement":"right","heading":"Collapsible row","content":"<p>Add your collapsible row content here.<\/p>","page_for_content":""}},"accordion-1":{"type":"accordion","settings":{"expand_by_default":false,"column_placement":"right","heading":"Collapsible row","content":"<p>Add your collapsible row content here.<\/p>","page_for_content":""}},"share":{"type":"share","settings":{}}},"block_order":["product_header","variant_picker","inventory_counter","quantity_selector","buy_buttons","product_callouts","description","accordion-0","accordion-1","share"],"settings":{"enable_sticky_product_details":true,"gallery_style":"thumbnails","gallery_size":"large","gallery_overflow":"3","enable_video_looping":true,"enable_product_lightbox":true,"image_aspect_ratio":"portrait","enable_animation":true}},"multi-column":{"type":"multi-column","blocks":{"block-0":{"type":"column","settings":{"accent":"","heading_font_class":"fs-heading-4-base","text":"<p>Use text to focus on your chosen product, collection, or blog post.<\/p>","text_font_class":"fs-body-100","text_max_width":100,"link":"","link_text":"","button_style":"btn--primary"}},"block-1":{"type":"column","settings":{"accent":"","heading_font_class":"fs-heading-4-base","text":"<p>Use text to focus on your chosen product, collection, or blog post.<\/p>","text_font_class":"fs-body-100","text_max_width":100,"link":"","link_text":"","button_style":"btn--primary"}},"block-2":{"type":"column","settings":{"accent":"","heading_font_class":"fs-heading-4-base","text":"<p>Use text to focus on your chosen product, collection, or blog post.<\/p>","text_font_class":"fs-body-100","text_max_width":100,"link":"","link_text":"","button_style":"btn--primary"}}},"block_order":["block-0","block-1","block-2"],"settings":{"title":"","subheading":"<p>Use a multi-column section to organize detailed information about your products:<\/p>","heading_font_class":"fs-heading-3-base","heading_alignment":"center","content_vertical_alignment":"top","content_background_padding":"large","columns":"3","column_spacing":4,"row_spacing":8,"column_alignment":"left","columns_mobile":"1","column_spacing_mobile":20,"row_spacing_mobile":8,"column_alignment_mobile":"left","background_behind_columns":true,"background_color":"#f4f4f4","text_color":"#000000","button_background_color":"#000000","button_text_color":"#ffffff","enable_animation":true,"divider_style":"none","section_padding":"section--vertical-padding-top-bottom"}},"collapsible-row-list":{"type":"collapsible-row-list","blocks":{"block-0":{"type":"item","settings":{"expand_by_default":false,"icon":"none","title":"This is an example of a question that a customer might ask","text":"<p>This is an example of a response that you might give. It's good to be as thorough as possible in responses as that has a tendency to improve trust overall.<\/p>"}},"block-1":{"type":"item","settings":{"expand_by_default":false,"icon":"none","title":"This is an example of a question that a customer might ask","text":"<p>This is an example of a response that you might give. It's good to be as thorough as possible in responses as that has a tendency to improve trust overall.<\/p>"}},"block-2":{"type":"item","settings":{"expand_by_default":false,"icon":"none","title":"This is an example of a question that a customer might ask","text":"<p>This is an example of a response that you might give. It's good to be as thorough as possible in responses as that has a tendency to improve trust overall.<\/p>"}},"block-3":{"type":"item","settings":{"expand_by_default":false,"icon":"none","title":"This is an example of a question that a customer might ask","text":"<p>This is an example of a response that you might give. It's good to be as thorough as possible in responses as that has a tendency to improve trust overall.<\/p>"}}},"block_order":["block-0","block-1","block-2","block-3"],"settings":{"title":"FAQ","heading_font_class":"fs-heading-3-base","heading_alignment":"center","item_heading_font":"body","enable_animation":true,"divider_style":"none","section_padding":"section--vertical-padding-top-bottom","content_width":"custom","custom_content_width":700}},"testimonials":{"type":"testimonials","blocks":{"block-0":{"type":"testimonial","settings":{"product":"","image_position":"right","aspect_ratio":"square","focal_point":"center","show_rating":true,"rating":5,"quote":"\"Add customer reviews and testimonials to showcase your store’s happy customers.\"","author":"– Author's name"}},"block-1":{"type":"testimonial","settings":{"product":"","image_position":"left","aspect_ratio":"square","focal_point":"center","show_rating":true,"rating":5,"quote":"\"Add customer reviews and testimonials to showcase your store’s happy customers.\"","author":"– Author's name"}},"block-2":{"type":"testimonial","settings":{"product":"","image_position":"right","aspect_ratio":"square","focal_point":"center","show_rating":true,"rating":5,"quote":"\"Add customer reviews and testimonials to showcase your store’s happy customers.\"","author":"– Author's name"}}},"block_order":["block-0","block-1","block-2"],"settings":{"image_size":"large","quote_font":"body","background_color":"rgba(0,0,0,0)","text_color":"#000000","enable_animation":true,"divider_style":"none","section_padding":"section--vertical-padding-top-bottom"}},"recommended-products":{"type":"recommended-products","settings":{"title":"Recommended products","subheading":"","maximum_products":8,"columns":"4","mobile_columns":"2","enable_animation":true,"divider_style":"none","section_padding":"section--vertical-padding-top-bottom"}}},"order":["slideshow","image-with-text-1","image-with-text-2","main","multi-column","collapsible-row-list","testimonials","recommended-products"]}