{"sections":{"main":{"type":"main-product--default","blocks":{"product_header":{"type":"product_header","disabled":true,"settings":{"show_divider":true,"show_vendor":false,"show_sku":false,"show_discount":false,"discount_format":"percent_off","show_product_rating":false,"show_sale_badge":true,"show_custom_badges":true}},"product_callouts-2":{"type":"product_callouts","disabled":true,"settings":{"add_box":false,"add_dividers":false,"icon_1":"none","text_1":"","icon_2":"checked-box","text_2":"","icon_3":"chat","text_3":"<p>Have questions? Contact us<\/p>","icon_4":"moving-truck","text_4":"<p>Free shipping on all orders<\/p>","icon_5":"padlock","text_5":"<p>Secure payment<\/p>","icon_6":"padlock","text_6":"","display_as_collapsible_row":false,"expand_by_default":false,"collapsible_row_title":""}},"variant_picker":{"type":"variant_picker","disabled":true,"settings":{"variant_popup_option":"Size","variant_popup_icon":"measuring-tape","variant_popup_text":"Size guide","variant_popup_page":"","swatch_size":"medium","chip_layout":"3col"}},"quantity_selector":{"type":"quantity_selector","disabled":true,"settings":{"show_labels":true}},"buy_buttons":{"type":"buy_buttons","settings":{"show_dynamic_checkout":false}},"text_DjnCic":{"type":"text","settings":{"text_font_class":"fs-body-100","text":"<p>🟠 Inventaire en baisse en raison de la forte demande<\/p>","column_placement":"right"}},"product_callouts-1":{"type":"product_callouts","disabled":true,"settings":{"add_box":false,"add_dividers":true,"icon_1":"stopwatch","text_1":"<h4>30-Day Money Back Guarantee<\/h4>","icon_2":"none","text_2":"","icon_3":"none","text_3":"","icon_4":"none","text_4":"","icon_5":"none","text_5":"","icon_6":"chat","text_6":"","display_as_collapsible_row":false,"expand_by_default":false,"collapsible_row_title":"Callouts"}},"custom_liquid_WRVnaV":{"type":"custom_liquid","disabled":true,"settings":{"column_placement":"right","custom_liquid":"<style>\n    .icon-image-text {\n      display: flex;\n      align-items: center;\n    }\n\n    .icon-image-text img {\n      width: 50px; \/* Adjust as needed *\/\n      height: auto;\n      margin-right: 10px; \/* Adjust spacing between image and text *\/\n    }\n\n    .text-pdp p {\nfont-weight: bold;\n      margin: 0;\n      font-size: 19px; \/* Adjust font size as needed *\/\n      color: #333; \/* Adjust text color as needed *\/\n    }\n  <\/style>\n\n  <div class=\"icon-image-text\">\n    <img src=\"\/\/www.komusodesign.com\/cdn\/shop\/files\/30_Day_Icon_72dc31a5-4c97-4d9d-a2e1-862c15813808_small.webp?v=1666261351\">\n    <div class=\"text-pdp\">\n      <p>Garantie de remboursement de 30 jours<\/p>\n    <\/div>\n  <\/div>"}},"text_pMxqiD":{"type":"text","settings":{"text_font_class":"fs-body-100","text":"<p>Le shift vous aide à combattre rapidement et facilement l'anxiété en ralentissant votre respiration. C'est un bijou fonctionnel et élégant que vous portez contre votre cœur, à la fois comme outil et comme doux rappel pour protéger votre bien-être.<\/p>","column_placement":"right"}},"accordion_myhwp4":{"type":"accordion","settings":{"expand_by_default":false,"column_placement":"right","heading":"Détails","content":"<ul><li>Pendentif et chaîne en acier inoxydable 316 poli de la plus haute qualité<\/li><li>Le pendentif Shift mesure 2 pouces de longueur<\/li><li>La circonférence précise prend en charge 10 secondes d'expiration<\/li><li>Silencieux pour que vous puissiez l'utiliser n'importe où<\/li><li>Durable pour que vous puissiez le porter tout le temps<\/li><\/ul>","page_for_content":"","custom_liquid":""}},"accordion_FtGyph":{"type":"accordion","disabled":true,"settings":{"expand_by_default":false,"column_placement":"right","heading":"Livraison et retours gratuits","content":"<p>Nous offrons une livraison GRATUITE aux États-Unis pour les commandes de 100 $ et plus via USPS. Toutes les autres options d'expédition seront détaillées lors du paiement en fonction de votre emplacement et de vos préférences de timing.<br\/>Les commandes internationales nécessiteront des frais de port supplémentaires détaillés sur la page de paiement.<br\/><br\/>Nous acceptons les retours d'articles non modifiés et non endommagés dans les 30 jours suivant l'achat<\/p>","page_for_content":"","custom_liquid":""}},"accordion_ajwjGb":{"type":"accordion","disabled":true,"settings":{"expand_by_default":false,"column_placement":"right","heading":"FAQ","content":"<p><strong>Je ne peux pas respirer par moi-même ?<\/strong><br\/>Oui, mais nous ne le faisons pas. La cohérence est essentielle. Le Shift est un outil pratique et un rappel quotidien pour mieux respirer.<\/p><p><strong>Une paille ne fonctionnerait-elle pas aussi bien ?<\/strong><br\/>Une paille n'est pas aussi propre et elle n'est pas spécifiquement conçue pour prolonger votre expiration jusqu'à 8 à 10 secondes, ce qui désactive votre réponse au stress.<\/p><p><strong>Pourquoi le Shift est-il si cher ?<\/strong><br\/>Conçu et testé par un psychothérapeute, le Shift est fabriqué en acier de qualité chirurgicale, extrêmement durable et facile à nettoyer.<\/p><p><strong>Puis-je payer avec mon HSA\/FSA ?<\/strong><br\/>Komuso est désormais éligible à la FSA et à la HSA ! ⁠Cela signifie que vous pouvez profiter pleinement de vos dollars avant impôts pour soutenir votre parcours de santé avec Komuso.⁠Si vous cotisez à une FSA\/HSA et disposez de fonds disponibles, vous pouvez simplement passer à la caisse via cette option après avoir ajouté un Shift à votre Chariot.<\/p>","page_for_content":"","custom_liquid":""}},"share":{"type":"share","disabled":true,"settings":{}},"description":{"type":"description","disabled":true,"settings":{"text_font_class":"fs-body-100","column_placement":"left","display_as_collapsible_row":true,"expand_by_default":true,"collapsible_row_title":"Description"}}},"block_order":["product_header","product_callouts-2","variant_picker","quantity_selector","buy_buttons","text_DjnCic","product_callouts-1","custom_liquid_WRVnaV","text_pMxqiD","accordion_myhwp4","accordion_FtGyph","accordion_ajwjGb","share","description"],"custom_css":[".btn {border-radius: 50px;}",".product__policies {display: none;}"],"settings":{"enable_sticky_product_details":true,"gallery_style":"thumbnails","gallery_size":"medium","gallery_overflow":"never","enable_video_looping":false,"enable_product_lightbox":true,"image_aspect_ratio":"natural","enable_animation":true}},"51c1ca7a-f9c7-4784-908d-0550ae5ace1d":{"type":"multi-column","blocks":{"2a5f7645-2249-47be-89d9-5e794d6b92c7":{"type":"image_column","settings":{"image":"shopify:\/\/shop_images\/WSJ_logo.png","image_width":100,"aspect_ratio":"natural","focal_point":"center","image_position":"above_text","image_link":"","small_caption":"","accent":"","heading":"","heading_font_class":"fs-heading-4-base","text":"<p>Selon notre directrice de mode anxieuse qui en a acheté un en janvier, ça marche.<\/p>","text_font_class":"fs-body-100","text_max_width":100,"link":"","link_text":"","button_style":"btn--primary"}},"71ca3bc9-d575-441c-bab8-74220f7f44e9":{"type":"image_column","settings":{"image":"shopify:\/\/shop_images\/Forbes_logo.png","image_width":100,"aspect_ratio":"natural","focal_point":"center","image_position":"above_text","image_link":"","small_caption":"","accent":"","heading":"","heading_font_class":"fs-heading-4-base","text":"<p>En gardant à l’esprit la sagesse ancienne et la science moderne, le shift est un outil de pleine conscience simple, sans technologie, extraordinairement apaisant.<\/p>","text_font_class":"fs-body-100","text_max_width":100,"link":"","link_text":"","button_style":"btn--primary"}},"779cb814-6f05-42c9-a84a-3bd1fd92cc9b":{"type":"image_column","settings":{"image":"shopify:\/\/shop_images\/Popsugar_logo.png","image_width":100,"aspect_ratio":"natural","focal_point":"center","image_position":"above_text","image_link":"","small_caption":"","accent":"","heading":"","heading_font_class":"fs-heading-4-base","text":"<p>Cela ressemble à une couverture de sécurité portable.<\/p>","text_font_class":"fs-body-100","text_max_width":100,"link":"","link_text":"","button_style":"btn--primary"}}},"block_order":["2a5f7645-2249-47be-89d9-5e794d6b92c7","71ca3bc9-d575-441c-bab8-74220f7f44e9","779cb814-6f05-42c9-a84a-3bd1fd92cc9b"],"disabled":true,"custom_css":[".multi-column__inner {justify-content: center; max-width: 1000px; font-size: 108px;}","p {font-size: 18px;}",".horizontal-scroll-container {background-color: #f8efe9 !important;}"],"settings":{"title":"","subheading":"","heading_font_class":"fs-heading-3-base","heading_alignment":"center","content_vertical_alignment":"top","content_background_padding":"medium","columns":"3","column_spacing":28,"row_spacing":28,"column_alignment":"center","columns_mobile":"2","column_spacing_mobile":20,"row_spacing_mobile":20,"column_alignment_mobile":"center","background_behind_columns":false,"background_color":"#f8efe9","text_color":"#000000","button_background_color":"#000000","button_text_color":"#ffffff","enable_animation":true,"divider_style":"none","section_padding":"section--vertical-padding-top-bottom"}},"image_with_text_eRkPRX":{"type":"image-with-text","blocks":{"heading_x8Ucht":{"type":"heading","settings":{"title":"Une Révolution Respiratoire Naturelle","heading_font_class":"fs-heading-display-3"}},"spacer_8Bm7P6":{"type":"spacer","settings":{"space":12}},"text_f7xxPh":{"type":"text","settings":{"text":"<p>Le shift est un concept de collier qui ralentit simplement votre expiration à plus de 8 secondes, ce qui déclenche votre nerf vague pour calmer votre système nerveux. Il n'y a pas d'application, de piles ou de produits chimiques impliqués… il exploite simplement une technique de respiration éprouvée qui vous calme naturellement et silencieusement. C'est comme une ancre qui est toujours là pour vous garder calme et au frais.<\/p>","text_font_class":"fs-body-200"}}},"block_order":["heading_x8Ucht","spacer_8Bm7P6","text_f7xxPh"],"custom_css":[],"settings":{"image_position":"right","text_alignment":"left","image":"shopify:\/\/shop_images\/180957.webp","aspect_ratio":"landscape","focal_point":"center","image_caption":"","show_small_image":false,"image_small_aspect_ratio":"square","image_small_focal_point":"center","background_color":"","text_color":"#000000","button_background_color":"#000000","button_text_color":"#ffffff","enable_animation":true,"divider_style":"none","section_padding":"section--vertical-padding-top-bottom"}},"custom_liquid_iQjPjD":{"type":"custom-liquid","custom_css":["{max-width: 0px; display: none;}"],"settings":{"custom_liquid":"<!DOCTYPE html>\n<html lang=\"en\">\n<head>\n    <meta charset=\"UTF-8\">\n    <meta name=\"viewport\" content=\"width=device-width, initial-scale=1.0\">\n    <title>Testimonials<\/title>\n    <style>\n        .testimonial-container {\n            display: flex;\n            justify-content: space-between;\n            width: 100%;\n            margin: 20px auto;\n            overflow-x: auto; \/* Horizontal scrolling for mobile *\/\n            white-space: nowrap; \/* Prevent wrapping of testimonials *\/\n        \n            position: relative; \/* Position relative for scrollbar dots *\/\n        }\n\/* Styling for Webkit browsers (Chrome, Safari) *\/\n::-webkit-scrollbar {\n    width: 10px; \/* Width of the scrollbar *\/\n    height: 5px;\n}\n\n::-webkit-scrollbar-track {\n    background: #f1f1f1; \/* Color of the scrollbar track *\/\n}\n\n::-webkit-scrollbar-thumb {\n    background: #888; \/* Color of the scrollbar thumb *\/\n    border-radius: 5px; \/* Rounded corners of the scrollbar thumb *\/\n}\n\n::-webkit-scrollbar-thumb:hover {\n    background: #555; \/* Color of the scrollbar thumb on hover *\/\n}\n\n        .testimonial {\n            flex: 0 0 calc(33.33% - 20px); \/* Three columns by default *\/\n           \n           \n            overflow: hidden;\npadding-right: 50px;\npadding-left: 50px;\n            margin-bottom: 20px;\n            margin-right: 20px; \/* Add margin between testimonials *\/\n            white-space: normal; \/* Reset white-space property *\/\n             border-right: 1px solid #000;\n             \n        }\n\n        .author-name {\n            font-size: 1.2em;\n            padding-bottom: 10px;\n            margin-bottom: 10px;\n        }\n\n        .author-comment {\n            font-style: italic;\n            color: #000;\n        }\n\n        .author-photo {\n            float: left;\n            width: 25%;\n   \n            margin-right: 20px;\n            border-radius: 100%;\n            max-height: 80px;\n            max-width: 80px;\n        }\n\n      \n\n        \/* Media query for mobile devices *\/\n        @media (max-width: 768px) {\n           .testimonial-container {\n        justify-content: flex-start;\n        overflow-x: auto;\n        overflow-y: hidden;\n   \n    }\n\n    .testimonial {\n        flex: 0 0 100%; \/* One column on mobile *\/\n        margin-right: 0; \/* Remove margin on mobile *\/\n        border-right: none;\n    }\n\n\n\n    <\/style>\n<\/head>\n<body>\n\n<div class=\"testimonial-container\" id=\"testimonial-container\">\n    <div class=\"testimonial\">\n        <div class=\"author-info\">\n            <div class=\"author-name\">Alice Johnson<\/div>\n            <div class=\"author-comment\">“I have found this to be immensely beneficial. What I think is brilliant about the Shift is that you can feel it around your neck and you get into the habit of using it to feel calm. I would recommend this product times 5,000 to anyone.”<\/div>\n        <\/div><br><br>\n        <img class=\"author-photo\" src=\"https:\/\/cdn.shopify.com\/s\/files\/1\/0753\/8399\/6682\/files\/Dr_Sara_pic.png?v=1715000252\" alt=\"Author Photo\">\n    <\/div>\n\n    <div class=\"testimonial\">\n        <div class=\"author-info\">\n            <div class=\"author-name\">Jane Smith<\/div>\n            <div class=\"author-comment\">“I have found this to be immensely beneficial. What I think is brilliant about the Shift is that you can feel it around your neck and you get into the habit of using it to feel calm. I would recommend this product times 5,000 to anyone.”<\/div>\n        <\/div><br><br>\n        <img class=\"author-photo\" src=\"https:\/\/cdn.shopify.com\/s\/files\/1\/0753\/8399\/6682\/files\/James_pic.png?v=1715000250\" alt=\"Author Photo\">\n    <\/div>\n\n    <div class=\"testimonial\">\n        <div class=\"author-info\">\n            <div class=\"author-name\">John Doe<\/div>\n            <div class=\"author-comment\">“I have been raving about it to anyone that asks me about it. I love it because I get to inform them about how it is far from a whistle and is actually a mind-blowing concept and tool of healing.”<\/div>\n        <\/div><br><br>\n        <img class=\"author-photo\" src=\"https:\/\/cdn.shopify.com\/s\/files\/1\/0753\/8399\/6682\/files\/Edmud_pic.png?v=1715000249\" alt=\"Author Photo\">\n    <\/div>\n<\/div>\n\n\n<\/body>\n<\/html>","divider_style":"none","section_padding":"section--vertical-padding-top-bottom"}},"image_with_text_qUAfmy":{"type":"image-with-text","blocks":{"heading_33bthD":{"type":"heading","settings":{"title":"Inspiré par la sagesse des moines","heading_font_class":"fs-heading-display-3"}},"text_9XCTxW":{"type":"text","settings":{"text":"<p>Le shift s'inspire des moines japonais du XVIIe siècle, qui utilisaient la flûte en bambou <strong>« shakuhachi »<\/strong> comme moyen de guérison et de recherche de l'illumination.<\/p>","text_font_class":"fs-body-200"}},"subheading_wmmdMk":{"type":"subheading","disabled":true,"settings":{"subheading":"","subheading_font_class":"fs-heading-5-base"}},"button_KipJdH":{"type":"button","disabled":true,"settings":{"link":"","link_text":"Read more","button_style":"btn--primary"}}},"block_order":["heading_33bthD","text_9XCTxW","subheading_wmmdMk","button_KipJdH"],"settings":{"image_position":"left","text_alignment":"left","image":"shopify:\/\/shop_images\/NEW_PDP_MOBILE_Classic_Shift_V2-pdf.webp","aspect_ratio":"square","focal_point":"center","image_caption":"","show_small_image":false,"image_small_aspect_ratio":"natural","image_small_focal_point":"center","background_color":"","text_color":"#000000","button_background_color":"#000000","button_text_color":"#ffffff","enable_animation":true,"divider_style":"none","section_padding":"section--vertical-padding-top-bottom"}},"image_with_text_YQzbxe":{"type":"image-with-text","blocks":{"heading_UPqwpy":{"type":"heading","settings":{"title":"Découvrez votre nouvelle solution sans médicament contre le stress et l'anxiété.","heading_font_class":"fs-heading-display-3"}},"spacer_TiNX7R":{"type":"spacer","settings":{"space":12}},"text_kKXQxg":{"type":"text","settings":{"text":"<p>À la recherche d'une solution dépourvue de médicaments pour faire face au stress et à l'anxiété, tout en adoptant une habitude saine ? Intégrez notre outil de bien-être révolutionnaire dans votre routine quotidienne, transformant ainsi votre vie.<\/p>","text_font_class":"fs-body-200"}},"image_7Ppzih":{"type":"image","disabled":true,"settings":{"image":"shopify:\/\/shop_images\/Screenshot_2024-05-07_060507.png","image_size":480,"image_size_mobile":290}}},"block_order":["heading_UPqwpy","spacer_TiNX7R","text_kKXQxg","image_7Ppzih"],"custom_css":[],"settings":{"image_position":"right","text_alignment":"left","image":"shopify:\/\/shop_images\/Screen_Shot_2023-06-02_at_1.37.52_PM.png","aspect_ratio":"square","focal_point":"center","image_caption":"","show_small_image":false,"image_small":"shopify:\/\/shop_images\/S19.jpg","image_small_aspect_ratio":"square","image_small_focal_point":"center","background_color":"","text_color":"#000000","button_background_color":"#000000","button_text_color":"#ffffff","enable_animation":true,"divider_style":"none","section_padding":"section--vertical-padding-top-bottom"}},"custom_liquid_YFxEKe":{"type":"custom-liquid","disabled":true,"custom_css":["{background-color: #162437; color: #fff;}"],"settings":{"custom_liquid":"<!DOCTYPE html>\n<html lang=\"en\">\n<head>\n    <meta charset=\"UTF-8\">\n    <meta name=\"viewport\" content=\"width=device-width, initial-scale=1.0\">\n    <title>Testimonials<\/title>\n    <style>\n        .testimonial-container {\n            display: flex;\n             justify-content: center; \n            width: 100%;\n            margin: 20px auto;\n            overflow-x: auto; \/* Horizontal scrolling for mobile *\/\n            white-space: nowrap; \/* Prevent wrapping of testimonials *\/\n        \n            position: relative; \/* Position relative for scrollbar dots *\/\n        }\n\/* Styling for Webkit browsers (Chrome, Safari) *\/\n::-webkit-scrollbar {\n    width: 10px; \/* Width of the scrollbar *\/\n    height: 5px;\n}\n\n::-webkit-scrollbar-track {\n    background: #f1f1f1; \/* Color of the scrollbar track *\/\n}\n\n::-webkit-scrollbar-thumb {\n    background: #888; \/* Color of the scrollbar thumb *\/\n    border-radius: 5px; \/* Rounded corners of the scrollbar thumb *\/\n}\n\n::-webkit-scrollbar-thumb:hover {\n    background: #555; \/* Color of the scrollbar thumb on hover *\/\n}\n\n.testimonial-container {\n    display: flex;\n    justify-content: center; \/* Center align testimonials *\/\n    width: 100%;\n    margin: 20px auto;\n    white-space: nowrap; \/* Prevent wrapping of testimonials *\/\n}\n\n.testimonial {\n    overflow: hidden;\n    padding-right: 50px;\n    padding-left: 50px;\n    margin-bottom: 20px;\n    margin-right: 20px; \/* Add margin between testimonials *\/\n    white-space: normal; \/* Reset white-space property *\/\n}\n\n.author-name {\n    font-size: 1.2em;\n    padding-bottom: 10px;\n    margin-bottom: 10px;\n}\n\n.author-comment {\n    font-style: italic;\n    color: #fff;\n}\n\n.author-photo {\n    justify-content: center;\n    width: 25%;\n    margin-right: 20px;\n    border-radius: 100%;\n    max-height: 80px;\n    max-width: 80px;\n}\n\n    <\/style>\n<\/head>\n<body>\n\n<div class=\"testimonial-container\" id=\"testimonial-container\">\n    <div class=\"testimonial\">\n        <div class=\"author-info\">\n          <center>  <div class=\"author-name\">Alice Johnson<\/div>\n           <div class=\"author-comment\">“J'ai trouvé cela extrêmement bénéfique. Ce que je trouve brillant à propos de l'ALBALIR, c'est que vous pouvez le sentir autour de votre cou et vous prenez l'habitude de l'utiliser pour vous sentir calme. Je recommanderais ce produit 5 000 fois à n'importe qui.”<\/div><br><br>\n       <center> <img class=\"author-photo\" src=\"https:\/\/cdn.shopify.com\/s\/files\/1\/0753\/8399\/6682\/files\/Dr_Sara_pic.png?v=1715000252\" alt=\"Author Photo\">\n    <\/div>\n\n\n<\/div>\n\n\n<\/body>\n<\/html>","divider_style":"none","section_padding":"section--vertical-padding-top-bottom"}},"rich_text_i3iFXA":{"type":"rich-text","blocks":{"heading_aTreqV":{"type":"heading","settings":{"title":"Changez vos habitudes, changez votre vie","heading_font_class":"fs-heading-2-base"}},"text_tGzzGT":{"type":"text","disabled":true,"settings":{"text":"<p>Use this text area to share information about your brand with your customers. Describe a product, share announcements, or welcome customers to your store.<\/p>","text_font_class":"fs-body-100"}}},"block_order":["heading_aTreqV","text_tGzzGT"],"settings":{"alignment":"center_left","enable_animation":true,"divider_style":"none","section_padding":"section--vertical-padding-top-bottom","content_width":"custom","custom_content_width":700}},"image_with_text_i7zbcP":{"type":"image-with-text","blocks":{"heading_gcUH3y":{"type":"heading","disabled":true,"settings":{"title":"Image with text","heading_font_class":"fs-heading-display-3"}},"subheading_em7Uq6":{"type":"subheading","settings":{"subheading":"Le stress et l’anxiété provoquent une respiration superficielle qui conduit à des habitudes malsaines. Il est scientifiquement prouvé que le design breveté du Shift contrôle votre respiration et calme le système nerveux en quelques secondes.","subheading_font_class":"fs-heading-5-base"}},"text_mRjbJF":{"type":"text","settings":{"text":"<ol><li>RÉDUIRE LE STRESS ET L’ANXIÉTÉ<\/li><li>PORTÉ COMME UN COLLIER POUR T'ANCRER<\/li><li>AMÉLIORER L’AUTORÉGULATION<\/li><li>FRÉQUENCE CARDIAQUE PLUS FAIBLE<\/li><li>CRÉER UNE HABITUDE SAINE<\/li><\/ol>","text_font_class":"fs-body-200"}}},"block_order":["heading_gcUH3y","subheading_em7Uq6","text_mRjbJF"],"settings":{"image_position":"left","text_alignment":"left","image":"shopify:\/\/shop_images\/S19.jpg","aspect_ratio":"square","focal_point":"center","image_caption":"","show_small_image":false,"image_small":"shopify:\/\/shop_images\/ss.jpg","image_small_aspect_ratio":"square","image_small_focal_point":"center","background_color":"","text_color":"#000000","button_background_color":"#000000","button_text_color":"#ffffff","enable_animation":true,"divider_style":"none","section_padding":"section--vertical-padding-top-bottom"}},"orignal_multicolumn_yygCU7":{"type":"Orignal-multicolumn","blocks":{"image_column_8hp9PP":{"type":"image_column","settings":{"image":"shopify:\/\/shop_images\/dsdasd.png","image_width":50,"aspect_ratio":"natural","focal_point":"center","image_position":"above_text","image_link":"","small_caption":"","accent":"","heading":"Très silencieux","heading_font_class":"fs-heading-4-base","text":"<p>Assez discret pour une utilisation n'importe où.<\/p>","text_font_class":"fs-body-100","text_max_width":100,"link":"","link_text":"","button_style":"btn--primary"}},"image_column_7tjqH4":{"type":"image_column","settings":{"image":"shopify:\/\/shop_images\/dsads.png","image_width":50,"aspect_ratio":"natural","focal_point":"center","image_position":"above_text","image_link":"","small_caption":"","accent":"","heading":"Acier inoxydable","heading_font_class":"fs-heading-4-base","text":"<p>Qualité chirurgicale, ultra durable<\/p>","text_font_class":"fs-body-100","text_max_width":100,"link":"","link_text":"","button_style":"btn--primary"}},"image_column_tkiTxT":{"type":"image_column","settings":{"image":"shopify:\/\/shop_images\/21.png","image_width":50,"aspect_ratio":"natural","focal_point":"center","image_position":"above_text","image_link":"","small_caption":"","accent":"","heading":"Poids idéal","heading_font_class":"fs-heading-4-base","text":"<p>Aide à rappeler de s'arrêter et de respirer<\/p>","text_font_class":"fs-body-100","text_max_width":100,"link":"","link_text":"","button_style":"btn--primary"}},"image_column_MqQb6B":{"type":"image_column","settings":{"image":"shopify:\/\/shop_images\/adsd.png","image_width":50,"aspect_ratio":"natural","focal_point":"center","image_position":"above_text","image_link":"","small_caption":"","accent":"","heading":"Conception de pointe","heading_font_class":"fs-heading-4-base","text":"<p>Circonférence et longueur pour une expiration idéale<\/p>","text_font_class":"fs-body-100","text_max_width":100,"link":"","link_text":"","button_style":"btn--primary"}}},"block_order":["image_column_8hp9PP","image_column_7tjqH4","image_column_tkiTxT","image_column_MqQb6B"],"custom_css":[".multi-column__inner {justify-content: center; max-width: 1200px; font-size: 108px;}","img {justify-content: center; align-items: center; padding-left: 10px; padding-right: 10px;}",".horizontal-scroll-container {background-color: #fff;}"],"settings":{"title":"La qualité compte","subheading":"<p>Le shift est un outil simple et efficace élaboré pour vous aider à reprendre le contrôle de votre anxiété et du stress lié à la vie quotidienne.<\/p>","heading_font_class":"fs-heading-1-base","heading_alignment":"center","content_vertical_alignment":"top","content_background_padding":"medium","columns":"4","column_spacing":28,"row_spacing":28,"column_alignment":"center","columns_mobile":"2","column_spacing_mobile":20,"row_spacing_mobile":20,"column_alignment_mobile":"center","background_behind_columns":false,"background_color":"","text_color":"#000000","button_background_color":"#000000","button_text_color":"#ffffff","enable_animation":true,"divider_style":"none","section_padding":"section--vertical-padding-top-bottom"}},"image_with_text_xUKW6z":{"type":"image-with-text","blocks":{"spacer_jWa4e6":{"type":"spacer","settings":{"space":64}},"heading_bxiaaU":{"type":"heading","settings":{"title":"Que fait-il pour moi?","heading_font_class":"fs-heading-display-3"}},"text_rM6bHA":{"type":"text","settings":{"text":"<h3><strong>Le shift favorise la sensation de calme en ajustant votre biologie grâce à une respiration contrôlée.<\/strong><\/h3>","text_font_class":"fs-body-100"}},"custom_liquid_37NyDb":{"type":"custom_liquid","disabled":true,"settings":{"custom_liquid":"<!DOCTYPE html>\n<html lang=\"en\">\n<head>\n    <meta charset=\"UTF-8\">\n    <meta name=\"viewport\" content=\"width=device-width, initial-scale=1.0\">\n    <title>Your Title Here<\/title>\n    <style>\n\n.main-tect-box {\n\n    display: flex;\n    justify-content: center;\n    align-items: center;\n    flex-wrap: wrap;\n    padding: 20px;\n}\n\n.inner-image-box {\n\n    margin-right: 20px;\n}\n\n.inner-image {\n    max-width: 80%; \/* Make the image responsive *\/\n    height: auto;\n}\n\n.inner-text-box {\n    flex: 1;\n    display: flex;\n    flex-direction: column;\n    font-weight : bold;\n    color: #fff;\n}\n\n.svgs {\n    display: flex;\n    align-items: center;\n    margin-bottom: 10px;\n    \n    margin-right: -10px; \/* Adjusted to remove space between image and icons *\/\n    max-width: 100%; \/* Make the text responsive *\/\n}\n\n.svgs img {\n\n    width: 50px; \/* Adjust as needed *\/\n    \n    padding-bottom: 20px;\n    font-weight : bold;\n    height: auto;\n    margin-right: 10px;\n}\n\n.svgs p {\n    margin: 0;\n    margin-top: -20px;\n    margin-left: 20px;\n    font-size: 14px;\n    max-width: calc(100% - 50px); \/* Adjust according to image width and margin *\/\n}\n@media screen and (max-width: 600px) {\n    .svgs p {\n        font-size: 10px; \/* Decrease font size for smaller screens *\/\n    }\n}\n    <\/style>\n<\/head>\n<body>\n    <div class=\"main-tect-box\">\n        <div class=\"inner-image-box\">\n            <img class=\"inner-image\" src=\"https:\/\/cdn.shopify.com\/s\/files\/1\/0145\/4181\/5865\/files\/Standing_Shift.png?v=1689332476\">\n        <\/div>\n        <div class=\"inner-text-box\">\n        <br>\n            <div class=\"svgs\">\n                <img class=\"svg-image\" src=\"https:\/\/cdn.shopify.com\/s\/files\/1\/0145\/4181\/5865\/files\/Heartbeat_Icon_253b68c2-6d0e-4558-98b9-0dba09899108.png?v=1689332596\">\n                <p>RALENTISSEZ\nVOTRE BATTEUR DE COEUR<\/p>\n            <\/div> \n            <div class=\"svgs\">\n                <img class=\"svg-image\" src=\"https:\/\/cdn.shopify.com\/s\/files\/1\/0145\/4181\/5865\/files\/Stress_Hormone_Icon_1dd8f45a-c8ce-4360-b38e-5ec7ed3c08b0.png?v=1689332873\">\n                <p>DIMINUEZ VOTRE\nHORMONE DE STRESS<\/p>\n            <\/div> \n            <div class=\"svgs\">\n                <img class=\"svg-image\" src=\"https:\/\/cdn.shopify.com\/s\/files\/1\/0145\/4181\/5865\/files\/Blood_Pressure_Icon_fcbf206e-22df-4c10-a846-3c9b6e54b949.png?v=1689332914\">\n                <p>DIMINUEZ VOTRE\nHORMONE DE STRESS<\/p>\n            <\/div> \n            <div class=\"svgs\">\n                <img class=\"svg-image\" src=\"https:\/\/cdn.shopify.com\/s\/files\/1\/0145\/4181\/5865\/files\/Loosen_Muscles_Icon_754748f5-738d-48a4-ae2b-f04c396f1ccd.png?v=1689332965\">\n                <p>DIMINUEZ VOTRE\nHORMONE DE STRESS<\/p>\n            <\/div> \n        <\/div>\n    <\/div>\n<\/body>\n<\/html>","divider_style":"none","section_padding":"section--vertical-padding-top-bottom"}},"button_rGMj4H":{"type":"button","disabled":true,"settings":{"link":"","link_text":"Read more","button_style":"btn--primary"}}},"block_order":["spacer_jWa4e6","heading_bxiaaU","text_rM6bHA","custom_liquid_37NyDb","button_rGMj4H"],"custom_css":["{background-image: url(\"https:\/\/cdn.shopify.com\/s\/files\/1\/0753\/8399\/6682\/files\/dfgdfgdfg.jpg?v=1715041074\"); background-size: cover; background-position: center center !important; background-attachment: fixed; @media (max-width: 767px) {background-image: url(\"https:\/\/cdn.shopify.com\/s\/files\/1\/0753\/8399\/6682\/files\/dfgdfgdfg.jpg?v=1715041074\"); background-attachment: scroll; }}",".image-with-text__text-container-inner {padding: 0px;}",".image.image-with-text__image {box-shadow: none; border-radius: 0px !important;}"],"settings":{"image_position":"right","text_alignment":"left","image":"shopify:\/\/shop_images\/sdasd.png","aspect_ratio":"square","focal_point":"center","image_caption":"","show_small_image":false,"image_small_aspect_ratio":"square","image_small_focal_point":"center","background_color":"rgba(0,0,0,0)","text_color":"#fcf8f5","button_background_color":"#9fbecf","button_text_color":"#ffffff","enable_animation":true,"divider_style":"none","section_padding":"section--vertical-padding-top-bottom"}},"rich_text_TptVwn":{"type":"rich-text","blocks":{"heading_tqrMcQ":{"type":"heading","settings":{"title":"La science","heading_font_class":"fs-heading-2-base"}},"text_mCFUec":{"type":"text","settings":{"text":"<p>Des chercheurs de l'université de Stanford ont trouvé une nouvelle méthode respiratoire, qui permet de diminuer le stress. Basé sur une expiration plus profonde le<strong> soupir cyclique serait plus efficace que la méditation<\/strong>. La respiration est un moyen puissant de lutter contre le stress.<\/p>","text_font_class":"fs-body-200"}},"image_BKgQR6":{"type":"image","settings":{"image":"shopify:\/\/shop_images\/44.png","content_width":"custom","image_size":400,"image_size_mobile":270}}},"block_order":["heading_tqrMcQ","text_mCFUec","image_BKgQR6"],"custom_css":[],"settings":{"alignment":"center_center","enable_animation":true,"divider_style":"none","section_padding":"section--vertical-padding-top-bottom","content_width":"custom","custom_content_width":700}},"orignal_multicolumn_9hQeAP":{"type":"Orignal-multicolumn","blocks":{"image_column_R4AgnJ":{"type":"image_column","settings":{"image":"shopify:\/\/shop_images\/Screen_Shot_2023-06-02_at_1.35.47_PM.webp","image_width":100,"aspect_ratio":"portrait","focal_point":"center","image_position":"above_text","image_link":"","small_caption":"","accent":"","heading":"Stress au travail","heading_font_class":"fs-heading-4-base","text":"<p>Maîtrisez l’art de la respiration consciente, réduisez les niveaux de stress et améliorez votre concentration. Quelques minutes par jour seulement peuvent remodeler votre réponse au stress au travail, apportant le calme au chaos.<\/p>","text_font_class":"fs-body-100","text_max_width":100,"link":"","link_text":"","button_style":"btn--primary"}},"image_column_kzeccY":{"type":"image_column","settings":{"image":"shopify:\/\/shop_images\/Screen_Shot_2023-06-02_at_2.11.56_PM.webp","image_width":100,"aspect_ratio":"portrait","focal_point":"center","image_position":"above_text","image_link":"","small_caption":"","accent":"","heading":"Anxiété de vol","heading_font_class":"fs-heading-4-base","text":"<p>Apaisez vos peurs de vol en utilisant le pouvoir de la respiration consciente pour combattre l'anxiété liée au voyage, vous permettant d'aborder chaque voyage avec un sentiment de calme et de confiance.<\/p>","text_font_class":"fs-body-100","text_max_width":100,"link":"","link_text":"","button_style":"btn--primary"}},"image_column_i3rdC9":{"type":"image_column","settings":{"image":"shopify:\/\/shop_images\/Screen_Shot_2023-06-02_at_1.53.35_PM.webp","image_width":100,"aspect_ratio":"portrait","focal_point":"center","image_position":"above_text","image_link":"","small_caption":"","accent":"","heading":"Stress parental","heading_font_class":"fs-heading-4-base","text":"<p>Naviguez dans les hauts et les bas de la parentalité grâce à une respiration consciente, atténuant ainsi le stress qui accompagne souvent l’éducation des petits.<\/p>","text_font_class":"fs-body-100","text_max_width":100,"link":"","link_text":"","button_style":"btn--primary"}},"image_column_F9gCkg":{"type":"image_column","settings":{"image":"shopify:\/\/shop_images\/Screen_Shot_2023-06-02_at_1.36.05_PM.webp","image_width":100,"aspect_ratio":"portrait","focal_point":"center","image_position":"above_text","image_link":"","small_caption":"","accent":"","heading":"Dormir","heading_font_class":"fs-heading-4-base","text":"<p>Chaque belle journée commence la veille. Profitez du cadeau d’un sommeil serein et réparateur facilité par le Shift.<\/p>","text_font_class":"fs-body-100","text_max_width":100,"link":"","link_text":"","button_style":"btn--primary"}}},"block_order":["image_column_R4AgnJ","image_column_kzeccY","image_column_i3rdC9","image_column_F9gCkg"],"custom_css":["{background-color: #162437;}",".image__inner img {border-radius: 20px;}"],"settings":{"title":"","subheading":"","heading_font_class":"fs-heading-3-base","heading_alignment":"left","content_vertical_alignment":"top","content_background_padding":"medium","columns":"4","column_spacing":20,"row_spacing":20,"column_alignment":"left","columns_mobile":"2","column_spacing_mobile":20,"row_spacing_mobile":20,"column_alignment_mobile":"left","background_behind_columns":false,"background_color":"","text_color":"#ffffff","button_background_color":"#000000","button_text_color":"#ffffff","enable_animation":true,"divider_style":"none","section_padding":"section--vertical-padding-top-bottom"}},"shoppable_image_dj44aA":{"type":"shoppable-image","custom_css":["{background-color: #fff;}"],"settings":{"image":"shopify:\/\/shop_images\/IMG_2028.jpg","aspect_ratio":"portrait","heading":"","subheading":"","link":"","link_text":"","button_style":"btn--primary","enable_animation":true,"divider_style":"none","section_padding":"section--vertical-padding-top-bottom"}},"shoppable_image_mrqC3w":{"type":"shoppable-image","custom_css":["{background-color: #fff;}"],"settings":{"image":"shopify:\/\/shop_images\/dasdsad.jpg","aspect_ratio":"landscape","heading":"","subheading":"","link":"","link_text":"","button_style":"btn--secondary","enable_animation":true,"divider_style":"none","section_padding":"section--vertical-padding-top-bottom"}},"rich_text_DwqNC8":{"type":"rich-text","blocks":{"button_NtFTGx":{"type":"button","settings":{"link":"shopify:\/\/products\/albalir","link_text":"ACHETER MAINTENANT","button_style":"btn--primary"}}},"block_order":["button_NtFTGx"],"custom_css":["{background-color: #fff;}"],"settings":{"alignment":"center_center","enable_animation":true,"divider_style":"none","section_padding":"section--vertical-padding-bottom-only","content_width":"custom","custom_content_width":700}},"image_with_text_gTcGw8":{"type":"image-with-text","blocks":{"heading_9KUEJ9":{"type":"heading","settings":{"title":"Le changement peut aider","heading_font_class":"fs-heading-display-3"}},"text_JdtNHe":{"type":"text","settings":{"text":"<p>🌼 <strong>L'anxiété est le problème de santé mentale le plus courant<\/strong> chez les adolescents et les adultes, avec un âge médian d'apparition de 11 ans, selon Yale Medicine.<\/p><p>🌼 <strong>Un nombre croissant d’études démontrent<\/strong> l’efficacité des techniques de respiration contre l’anxiété et l’insomnie.<\/p><p>🌼 <strong>Les techniques de respiration influencent à la fois des facteurs physiologiques<\/strong> (en stimulant le système nerveux parasympathique) et <strong>des facteurs psychologiques<\/strong> (calmant les pensées qui s'emballent)<\/p>","text_font_class":"fs-body-200"}},"button_FJfeAa":{"type":"button","disabled":true,"settings":{"link":"","link_text":"Read more","button_style":"btn--primary"}}},"block_order":["heading_9KUEJ9","text_JdtNHe","button_FJfeAa"],"custom_css":["{background-color: #162437;}"],"settings":{"image_position":"right","text_alignment":"left","image":"shopify:\/\/shop_images\/Komuso_5.webp","aspect_ratio":"square","focal_point":"center","image_caption":"","show_small_image":false,"image_small_aspect_ratio":"square","image_small_focal_point":"center","background_color":"","text_color":"#ffffff","button_background_color":"#000000","button_text_color":"#ffffff","enable_animation":true,"divider_style":"none","section_padding":"section--vertical-padding-top-bottom"}},"quoteeeeeeeeeeeeeeeeeeeeeeeeeeeeeeeeeeeeeeee_8J8gLr":{"type":"quoteeeeeeeeeeeeeeeeeeeeeeeeeeeeeeeeeeeeeeee","blocks":{"image_picker_Vk47nq":{"type":"image_picker","settings":{"alt-text":"","image":"shopify:\/\/shop_images\/Screen_Shot_2023-05-02_at_2.49.51_PM.png"}},"image_picker_qtadWe":{"type":"image_picker","settings":{"alt-text":"","image":"shopify:\/\/shop_images\/s39.webp"}},"image_picker_pHcFAM":{"type":"image_picker","settings":{"alt-text":"","image":"shopify:\/\/shop_images\/S18.png"}},"image_picker_6rxjbJ":{"type":"image_picker","settings":{"alt-text":"","image":"shopify:\/\/shop_images\/AdobeStock_262831790.webp"}},"image_picker_8pPR4q":{"type":"image_picker","settings":{"alt-text":"","image":"shopify:\/\/shop_images\/Design_sans_titre_3.png"}},"image_picker_3ADQ6E":{"type":"image_picker","settings":{"alt-text":"","image":"shopify:\/\/shop_images\/S28.jpg"}},"image_picker_b9P9qR":{"type":"image_picker","settings":{"alt-text":"","image":"shopify:\/\/shop_images\/n16Hdt6qtV_mid.jpg"}},"image_picker_maUDE3":{"type":"image_picker","settings":{"alt-text":"","image":"shopify:\/\/shop_images\/S30.jpg"}},"image_picker_VJTDaH":{"type":"image_picker","settings":{"alt-text":"","image":"shopify:\/\/shop_images\/Design_sans_titre_4.png"}},"image_picker_wJjAqq":{"type":"image_picker","settings":{"alt-text":"","image":"shopify:\/\/shop_images\/S17.gif"}}},"block_order":["image_picker_Vk47nq","image_picker_qtadWe","image_picker_pHcFAM","image_picker_6rxjbJ","image_picker_8pPR4q","image_picker_3ADQ6E","image_picker_b9P9qR","image_picker_maUDE3","image_picker_VJTDaH","image_picker_wJjAqq"],"custom_css":[".unique-gallery-container {background-color: #fff;}",".unique-gallery-container img {max-width: auto; height: 350px;}"],"settings":{"section-title":"Explorez notre outil de soulagement du stress sans drogue"}},"collapsible_row_list2_ni37q4":{"type":"collapsible-row-list2","blocks":{"item_KNjgbw":{"type":"item","settings":{"expand_by_default":false,"icon":"none","title":"C'est juste une paille, n'est-ce pas ?","text":"<p>Le shift étant une nouveauté, il est normal de rencontrer une certaine confusion initiale. Nous nous sommes inspirés d'une technique éprouvée de respiration avec une paille pour apaiser silencieusement l'esprit, mais nous avons souhaité concevoir quelque chose de plus pratique et facile à intégrer dans la vie quotidienne, tout en étant un engagement envers une respiration améliorée. Fabriqué en acier inoxydable 316 de qualité médicale avec des finitions colorées métalliques précieuses, il peut être utilisé en toute sécurité au quotidien. Nous avons également minutieusement testé et breveté la longueur et le diamètre du tube pour créer des expirations optimales qui induisent physiologiquement le calme. Bien que l'utilisation d'une paille soit possible, nous avons constaté qu'une taille aléatoire peut être inefficace et que la paille peut s'aplatir dans votre poche. Porter le shift comme un collier représente un engagement envers une respiration améliorée, une habitude quotidienne qui vous aide à vous sentir mieux à chaque inspiration.<\/p>"}},"item_tEcAXb":{"type":"item","settings":{"expand_by_default":false,"icon":"none","title":"Comment nettoyer le shift ?","text":"<p>Le shift est intentionnellement fabriqué en acier inoxydable de haute qualité, ce qui le rend extrêmement durable pour un usage quotidien. Les couleurs des métaux précieux sont cuites à travers la pièce afin que vous n'ayez jamais à vous soucier du ternissement ou de la rouille lorsqu'il est exposé à l'eau.<\/p>"}},"item_9etFhy":{"type":"item","settings":{"expand_by_default":false,"icon":"none","title":"Pourquoi ne puis-je pas respirer plus lentement tout seul ?","text":"<p>La plupart des gens savent qu’une respiration plus lente les détend, mais ils ne le font toujours pas. Pourquoi? Parce que nous respirons 23 000 fois par jour et qu'ils sont tous inconscients. Le shift est physique et parce que vous le portez, ces respirations plus lentes deviennent plus cohérentes dans le cadre d'une pratique quotidienne. Que vous soyez coincé dans les embouteillages, que vous n'arriviez pas à dormir la nuit ou que vous ayez simplement l'esprit anxieux… Le shift est là pour vous ramener immédiatement au calme.<\/p>"}},"item_3pUqPe":{"type":"item","settings":{"expand_by_default":false,"icon":"none","title":"Est-ce basé sur la vraie science ?","text":"<p>Nous comprenons parfaitement si vous êtes sceptique quant au comment ou au pourquoi cela fonctionne, car cela semble trop simple.<br\/><br\/>Considérez vos inspirations comme la pédale d’accélérateur et vos expirations comme les freins. Le stress déclenche de courtes inspirations qui vous lancent en mode « combat ou fuite ». Avec 50 000 pensées et 150 notifications téléphoniques par jour, nous entrons trop souvent dans cet état d’esprit qui nous fait nous sentir fatigués et tendus. La prolongation de votre expiration inverse immédiatement cet état en deux minutes en abaissant le cortisol (hormone du stress), la tension artérielle et la fréquence cardiaque.<br\/><br\/>Nous avons utilisé cette science éprouvée pour concevoir un outil qui vous permet d'accéder plus souvent à ces expirations plus longues, ce qui vous permet de mieux respirer par habitude.<\/p><p><a href=\"\/pages\/la-science\" target=\"_blank\" title=\"La science\">En savoir plus<\/a><\/p>"}}},"block_order":["item_KNjgbw","item_tEcAXb","item_9etFhy","item_3pUqPe"],"settings":{"title":"Tu n'es pas le premier à demander","heading_font_class":"fs-heading-3-base","heading_alignment":"center","item_heading_font":"heading","enable_animation":true,"divider_style":"none","section_padding":"section--vertical-padding-top-bottom","content_width":"custom","custom_content_width":700}},"3328865ad73a720441":{"type":"apps","settings":{}},"orignal_multicolumn_tbHCNd":{"type":"Orignal-multicolumn","blocks":{"image_column_CdjnMD":{"type":"image_column","settings":{"image":"shopify:\/\/shop_images\/Returns_Icon_9cf97f69-0daf-4445-916a-951d1290e61c.png","image_width":50,"aspect_ratio":"natural","focal_point":"center","image_position":"above_text","image_link":"","small_caption":"","accent":"","heading":"","heading_font_class":"fs-heading-4-base","text":"","text_font_class":"fs-body-100","text_max_width":100,"link":"","link_text":"","button_style":"btn--primary"}},"image_column_mkP6Tj":{"type":"image_column","settings":{"image":"shopify:\/\/shop_images\/Secure_Checkout_Icon_1d5897f8-5bbd-4609-bfba-37e4871f8ca8.png","image_width":50,"aspect_ratio":"natural","focal_point":"center","image_position":"above_text","image_link":"","small_caption":"","accent":"","heading":"","heading_font_class":"fs-heading-4-base","text":"","text_font_class":"fs-body-100","text_max_width":100,"link":"","link_text":"","button_style":"btn--primary"}},"image_column_3PAeBa":{"type":"image_column","settings":{"image":"shopify:\/\/shop_images\/30_Day_Icon_72dc31a5-4c97-4d9d-a2e1-862c15813808.png","image_width":50,"aspect_ratio":"natural","focal_point":"center","image_position":"above_text","image_link":"","small_caption":"","accent":"","heading":"","heading_font_class":"fs-heading-4-base","text":"","text_font_class":"fs-body-100","text_max_width":100,"link":"","link_text":"","button_style":"btn--primary"}}},"block_order":["image_column_CdjnMD","image_column_mkP6Tj","image_column_3PAeBa"],"custom_css":[".multi-column__inner {justify-content: center; max-width: 1200px;}","@media (min-width: 767px) {img {justify-content: center; align-items: center; padding-left: 50px; padding-right: 50px; }}"],"settings":{"title":"","subheading":"","heading_font_class":"fs-heading-3-base","heading_alignment":"center","content_vertical_alignment":"top","content_background_padding":"medium","columns":"3","column_spacing":28,"row_spacing":28,"column_alignment":"center","columns_mobile":"3","column_spacing_mobile":20,"row_spacing_mobile":20,"column_alignment_mobile":"center","background_behind_columns":false,"background_color":"","text_color":"#000000","button_background_color":"#000000","button_text_color":"#ffffff","enable_animation":true,"divider_style":"none","section_padding":"section--vertical-padding-top-bottom"}},"1715204571cd9f0bce":{"type":"apps","settings":{}},"171520468824610922":{"type":"apps","blocks":{"loox_reviews_loox_dynamic_section_pTqy9j":{"type":"shopify:\/\/apps\/loox-reviews\/blocks\/loox-dynamic-section\/5c3b337f-fd14-4df5-b1d6-80ec13e6e28e","settings":{"only_photos":false,"aggregated":false,"limit":6,"hide_thumbnails":false,"maxwidth":1080,"is_sample":true}}},"block_order":["loox_reviews_loox_dynamic_section_pTqy9j"],"settings":{}}},"order":["main","51c1ca7a-f9c7-4784-908d-0550ae5ace1d","image_with_text_eRkPRX","custom_liquid_iQjPjD","image_with_text_qUAfmy","image_with_text_YQzbxe","custom_liquid_YFxEKe","rich_text_i3iFXA","image_with_text_i7zbcP","orignal_multicolumn_yygCU7","image_with_text_xUKW6z","rich_text_TptVwn","orignal_multicolumn_9hQeAP","shoppable_image_dj44aA","shoppable_image_mrqC3w","rich_text_DwqNC8","image_with_text_gTcGw8","quoteeeeeeeeeeeeeeeeeeeeeeeeeeeeeeeeeeeeeeee_8J8gLr","collapsible_row_list2_ni37q4","3328865ad73a720441","orignal_multicolumn_tbHCNd","1715204571cd9f0bce","171520468824610922"]}