{"current":{"color_background_body":"#fcf8f5","color_text":"#505050","color_border":"#1f2320","color_header_text":"#1f2320","color_header_bg":"#ffffff","color_text_footer":"#505050","color_background_footer":"#fdf8f4","color_background_button":"#000","color_text_button":"#ffffff","color_products_sale_price":"#ec5d5d","font_logo":"roboto_condensed_i7","capitalize_logo":true,"logo_base_size":43,"font_heading":"montserrat_n7","capitalize_headings":false,"heading_letter_spacing":0,"heading_base_size":38,"heading_mobile_base_scale":70,"font_body":"assistant_n4","body_letter_spacing":0,"body_base_size":16,"body_mobile_base_scale":80,"capitalize_navigation":true,"navigation_letter_spacing":-10,"navigation_base_size":17,"product_listing_title_uppercase":true,"product_listing_title_letter_spacing":0,"capitalize_buttons":true,"buttons_letter_spacing":0,"enable_section_animations":true,"swatch_options":"Couleur","swatch_shape":"round","sale_badge_format":"percent_off","custom_product_badge_group_1_tag_names":"Responsible","custom_product_badge_group_1_color":"#3C9342","custom_product_badge_group_2_tag_names":"Best seller","custom_product_badge_group_2_color":"#7e6b45","custom_product_badge_group_3_tag_names":"New","custom_product_badge_group_3_color":"#000000","custom_product_badge_group_4_tag_names":"","uppercase_badges":true,"product_listing_show_vendor":false,"product_listing_show_discount":true,"product_listing_discount_format":"sale_text","enable_free_shipping_bar":true,"free_shipping_threshold":"","search_show_articles":true,"search_show_pages":true,"enable_quick_search":true,"quick_search_max_result_size":6,"quick_search_product_style":"columns","quick_search_show_vendor":false,"social_facebook_link":"https:\/\/www.facebook.com\/profile.php?id=100086227972175","social_instagram_link":"https:\/\/www.instagram.com\/my_pink_dahlia\/?hl=en","social_tiktok_link":"https:\/\/www.tiktok.com\/@my_pink_dahlia","favicon":"shopify:\/\/shop_images\/favi.jpg","checkout_logo_image":"shopify:\/\/shop_images\/ALBALIR_LOGO_632e1cd4-1f55-437f-81a4-12484cd36865.png","checkout_accent_color":"#000","checkout_button_color":"#da45ff","sections":{"announcement-bar":{"type":"announcement-bar","blocks":{"announcement-bar-0":{"type":"announcement","disabled":true,"settings":{"title":"<h4>Livraison offerte<\/h4>","title_mobile":"","link":""}}},"block_order":["announcement-bar-0"],"custom_css":["{}",".swiper-wrapper {padding-top: 3px; padding-bottom: 3px;}"],"settings":{"autoplay_enabled":true,"autoplay_delay":4,"color_background":"#d9d7d3","color_text":"#000000"}},"header":{"type":"header","custom_css":[".header {padding: 0px; box-shadow: 5px -12px 25px #888888;}"],"settings":{"layout":"logo-center_nav-left","enable_sticky_header":true,"divider_width":"0px","enable_locale_selector":false,"enable_country_selector":false,"show_social_media":false,"logo":"shopify:\/\/shop_images\/ALBALIR_LOGO_632e1cd4-1f55-437f-81a4-12484cd36865.png","logo_width":190,"mobile_logo_width":140,"menu":"main-menu","secondary_menu":"","enable_transparent_on_home":false,"enable_transparent_on_collection":false,"color_text_transparent":"#ffffff","color_count_transparent":"#373b40"}},"quick-cart":{"type":"quick-cart","settings":{"enable_quick_cart":true,"show_product_currency":false,"promotion_text":"<p>Check out these products.<\/p>","collection_list":["frontpage"],"collection_list_button_style":"btn--primary"}},"footer":{"type":"footer","blocks":{"49364218-2ee1-4ec8-a9b0-a9775b5dbed9":{"type":"newsletter","settings":{"desktop_width":40,"desktop_padding":2,"collapse_on_mobile":false,"title":"INSCRIVEZ-VOUS POUR LES DERNIÈRES NOUVELLES","show_title_on_desktop":true,"text":"<p><strong>Abonnez-vous pour recevoir des offres spéciales, des cadeaux gratuits et des offres uniques.<\/strong><\/p>","show_social_icons":true}},"2b9d0a11-8eb6-41af-b0d7-0493a8387216":{"type":"text","disabled":true,"settings":{"desktop_width":25,"desktop_padding":2,"collapse_on_mobile":true,"title":"Our Promise","show_title_on_desktop":true,"text":"<p>We stand by our brand and product 100% and strive for complete customer satisfaction. We prioritize the quality of our products and the shopping experience of all our customers.<\/p>","image_max_width":200,"image_placement":"below_text","show_social_icons":false}},"f2c96b09-1dad-4156-8c15-40912fc3e5f4":{"type":"links","settings":{"desktop_width":30,"desktop_padding":4,"collapse_on_mobile":true,"title":"NOS POLITIQUES","show_title_on_desktop":true,"link_list":"nos-politiques"}},"1bcb0fcc-92bf-4675-8978-d8141b616528":{"type":"links","settings":{"desktop_width":30,"desktop_padding":4,"collapse_on_mobile":true,"title":"SERVICE CLIENT","show_title_on_desktop":true,"link_list":"footer"}}},"block_order":["49364218-2ee1-4ec8-a9b0-a9775b5dbed9","2b9d0a11-8eb6-41af-b0d7-0493a8387216","f2c96b09-1dad-4156-8c15-40912fc3e5f4","1bcb0fcc-92bf-4675-8978-d8141b616528"],"custom_css":[".footer {border-top: 1px solid #6b6765;}"],"settings":{"enable_locale_selector":true,"enable_country_selector":true,"show_payment_icons":true,"additional_copyright_text":""}},"popup":{"type":"popup","settings":{}}},"content_for_index":[],"blocks":{"6143736321357441667":{"type":"shopify:\/\/apps\/tidio-live-chat-chatbots\/blocks\/app-embed\/1002274d-fb18-4939-98f6-5f05a8deeadc","disabled":false,"settings":{}},"776302416715791028":{"type":"shopify:\/\/apps\/bucks-currency-converter-pro\/blocks\/app-embed\/4f0a9b06-9da4-4a49-b378-2de9d23a3af3","disabled":false,"settings":{}},"11068332061543699368":{"type":"shopify:\/\/apps\/booster-page-speed-optimizer\/blocks\/app-embed\/d920faf3-7c60-423a-9636-22618b5561b5","disabled":false,"settings":{}},"6913107989674730356":{"type":"shopify:\/\/apps\/reviews-io\/blocks\/reviewsio-sessions\/92a082e5-b297-4e88-b428-ac96cbc505f9","disabled":false,"settings":{}},"10830403595879607806":{"type":"shopify:\/\/apps\/reviews-io\/blocks\/reviewsio-core\/92a082e5-b297-4e88-b428-ac96cbc505f9","disabled":false,"settings":{"url_key":"REVIEWS.io","lang":"auto","enable_syndication":false}},"16274361319697914395":{"type":"shopify:\/\/apps\/reviews-io\/blocks\/reviewsio-floating\/92a082e5-b297-4e88-b428-ac96cbc505f9","disabled":false,"settings":{"widget_id":"","show_all":true,"show_index":true,"show_product":true,"show_collection":true,"show_cart":true}},"15316669992541710076":{"type":"shopify:\/\/apps\/reviews-io\/blocks\/reviewsio-rating-snippet\/92a082e5-b297-4e88-b428-ac96cbc505f9","disabled":false,"settings":{"star":"#000","text_color":"#333","snippet_mode":"default","text":"Reviews","line_break":false,"listen_for_changes":false,"rating_without_brackets":false,"format_review_count":false,"show_popup":true,"anchor_to_reviews_widget":false,"show_empty_stars":false}},"15557474716127144420":{"type":"shopify:\/\/apps\/kaching-bundle-quantity-breaks\/blocks\/app-embed-block\/6c637362-a106-4a32-94ac-94dcfd68cdb8","disabled":false,"settings":{}},"11532412952436166569":{"type":"shopify:\/\/apps\/loox-reviews\/blocks\/loox-inject\/5c3b337f-fd14-4df5-b1d6-80ec13e6e28e","disabled":true,"settings":{}}}},"presets":{"Vogue":{"color_background_body":"#ffffff","color_header_text":"#000000","color_header_bg":"#ffffff","font_logo":"itc_clearface_n4","capitalize_logo":true,"logo_base_size":32,"font_heading":"itc_stepp_n7","capitalize_headings":true,"heading_letter_spacing":0,"heading_base_size":60,"heading_mobile_base_scale":80,"font_body":"neuzeit_s_n4","body_letter_spacing":0,"body_base_size":17,"body_mobile_base_scale":95,"capitalize_navigation":false,"navigation_letter_spacing":-5,"navigation_base_size":17,"product_listing_title_uppercase":true,"product_listing_title_letter_spacing":50,"capitalize_buttons":true,"buttons_letter_spacing":50,"sale_badge_format":"percent_off","custom_product_badge_group_1_tag_names":"Responsible","custom_product_badge_group_1_color":"#3C9342","custom_product_badge_group_2_tag_names":"Best seller","custom_product_badge_group_2_color":"#7e6b45","custom_product_badge_group_3_tag_names":"New","custom_product_badge_group_3_color":"#000000","custom_product_badge_group_4_tag_names":"","uppercase_badges":true,"product_listing_show_vendor":true,"product_listing_show_discount":false,"product_listing_discount_format":"sale_text","enable_free_shipping_bar":false,"free_shipping_threshold":"250","quick_search_max_result_size":6,"quick_search_product_style":"columns","quick_search_show_vendor":false,"sections":{"announcement-bar":{"type":"announcement-bar","blocks":{"announcement-bar-0":{"type":"announcement","settings":{}},"announcement-bar-1":{"type":"announcement","settings":{}}},"block_order":["announcement-bar-0","announcement-bar-1"],"settings":{"autoplay_enabled":true,"autoplay_delay":4,"color_background":"#000000","color_text":"#ffffff"}},"header":{"type":"header","blocks":{"128bb530-49f9-440d-8bee-12eff320b9f3":{"type":"full_width_meganav","settings":{"column_count":2,"show_column_borders":true,"show_promo":true,"promo_width":700,"promo_height":400,"secondary_position":"right","focal_point":"center","promo_text":"Newest Releases","link":"shopify:\/\/collections\/all","link_text":"Discover","text_position":"flex-start_flex-end","text_color":"#ffffff","color_overlay":"#000000","color_overlay_gradient":"linear-gradient(180deg, rgba(0, 0, 0, 0.1) 22%, rgba(0, 0, 0, 1) 96%)","overlay_opacity":33}},"c4636010-a86d-4ad7-9118-77e19b973170":{"type":"compact_meganav","settings":{"dropdown_parent_link":"Dresses","columns_width":270,"column_count":1,"show_column_borders":false,"show_promo":true,"promo_width":550,"promo_height":350,"secondary_position":"right","focal_point":"top","promo_text":"Newest Releases","link":"shopify:\/\/collections\/all","text_position":"flex-start_flex-end","text_color":"#ffffff","color_overlay":"#000000","color_overlay_gradient":"linear-gradient(180deg, rgba(0, 0, 0, 0.15) 22%, rgba(0, 0, 0, 1) 96%)","overlay_opacity":50}}},"block_order":["128bb530-49f9-440d-8bee-12eff320b9f3","c4636010-a86d-4ad7-9118-77e19b973170"],"settings":{"layout":"logo-center_nav-below","enable_sticky_header":true,"divider_width":"0px","enable_locale_selector":true,"enable_country_selector":true,"show_social_media":true,"logo_width":120,"mobile_logo_width":90,"menu":"main-menu","secondary_menu":"secondary-menu","enable_transparent_on_home":true,"enable_transparent_on_collection":false,"color_text_transparent":"#ffffff","color_count_transparent":"#000000"}},"quick-cart":{"type":"quick-cart","settings":{"enable_quick_cart":true,"show_product_currency":true,"promotion_text":"<p>Check out these collections.<\/p>","collection_list_button_style":"btn--secondary"}},"footer":{"type":"footer","blocks":{"footer-0":{"type":"text","settings":{"desktop_width":30,"desktop_padding":0,"collapse_on_mobile":false,"title":"","show_title_on_desktop":false,"image_max_width":200,"image_placement":"above_text","show_social_icons":false}},"8c299bda-c00b-4164-a5bd-c856e1201f0e":{"type":"spacer","settings":{"desktop_width":10}},"7fc03fc7-7c3b-41be-b2c1-9301b4c0da98":{"type":"links","settings":{"desktop_width":15,"desktop_padding":4,"collapse_on_mobile":true,"title":"Company","show_title_on_desktop":true}},"2fa54f91-30aa-454a-93b7-4a98ffea3020":{"type":"links","settings":{"desktop_width":15,"desktop_padding":4,"collapse_on_mobile":true,"title":"Links","show_title_on_desktop":true}},"footer-3":{"type":"newsletter","settings":{"desktop_width":30,"desktop_padding":0,"collapse_on_mobile":false,"show_title_on_desktop":true,"text":"","show_social_icons":true}}},"block_order":["footer-0","8c299bda-c00b-4164-a5bd-c856e1201f0e","7fc03fc7-7c3b-41be-b2c1-9301b4c0da98","2fa54f91-30aa-454a-93b7-4a98ffea3020","footer-3"],"settings":{"enable_locale_selector":true,"enable_country_selector":true,"show_payment_icons":true,"additional_copyright_text":""}}}},"Chic":{"color_background_body":"#ffffff","font_logo":"plantin_n3","logo_base_size":42,"font_heading":"plantin_n3","heading_letter_spacing":-10,"heading_base_size":42,"font_body":"twentieth_century_n4","body_base_size":19,"body_mobile_base_scale":95,"capitalize_navigation":true,"navigation_letter_spacing":40,"navigation_base_size":15,"product_listing_title_uppercase":true,"product_listing_title_letter_spacing":50,"buttons_letter_spacing":50,"sale_badge_format":"sale_text","custom_product_badge_group_1_tag_names":"adasd","custom_product_badge_group_1_color":"#000000","custom_product_badge_group_2_tag_names":"Best seller","custom_product_badge_group_2_color":"#7e6b45","custom_product_badge_group_3_tag_names":"New","custom_product_badge_group_3_color":"#000000","custom_product_badge_group_4_tag_names":"","uppercase_badges":true,"enable_free_shipping_bar":false,"free_shipping_threshold":"250","quick_search_product_style":"list","quick_search_show_vendor":false,"sections":{"announcement-bar":{"type":"announcement-bar","blocks":{"announcement-bar-0":{"type":"announcement","settings":{}},"announcement-bar-1":{"type":"announcement","settings":{}}},"block_order":["announcement-bar-0","announcement-bar-1"],"settings":{"autoplay_enabled":true,"autoplay_delay":4,"color_background":"#000000","color_text":"#ffffff"}},"header":{"type":"header","blocks":{"128bb530-49f9-440d-8bee-12eff320b9f3":{"type":"full_width_meganav","settings":{"column_count":3,"show_column_borders":true,"show_promo":true,"promo_width":700,"promo_height":350,"secondary_position":"right","focal_point":"center","link":"shopify:\/\/collections\/all","link_text":"Shop this","text_position":"flex-start_flex-end","text_color":"#ffffff","color_overlay":"#000000","color_overlay_gradient":"linear-gradient(180deg, rgba(0, 0, 0, 0.1) 22%, rgba(0, 0, 0, 1) 96%)","overlay_opacity":33}},"c4636010-a86d-4ad7-9118-77e19b973170":{"type":"compact_meganav","settings":{"dropdown_parent_link":"Dresses","columns_width":270,"column_count":1,"show_column_borders":false,"show_promo":true,"promo_width":550,"promo_height":350,"secondary_position":"right","focal_point":"top","promo_text":"Newest Releases","link":"shopify:\/\/collections\/all","text_position":"flex-start_flex-end","text_color":"#ffffff","color_overlay":"#000000","color_overlay_gradient":"linear-gradient(180deg, rgba(0, 0, 0, 0.15) 22%, rgba(0, 0, 0, 1) 96%)","overlay_opacity":50}}},"block_order":["128bb530-49f9-440d-8bee-12eff320b9f3","c4636010-a86d-4ad7-9118-77e19b973170"],"settings":{"layout":"logo-left_nav-below","enable_sticky_header":true,"divider_width":"1px","enable_locale_selector":true,"enable_country_selector":true,"show_social_media":true,"logo_width":140,"mobile_logo_width":80,"menu":"main-menu","secondary_menu":"header-secondary-menu","enable_transparent_on_home":true,"enable_transparent_on_collection":false,"color_text_transparent":"#ffffff","color_count_transparent":"#000000"}},"quick-cart":{"type":"quick-cart","settings":{"enable_quick_cart":true,"show_product_currency":true,"promotion_text":"<p>Check out these collections.<\/p>","collection_list_button_style":"btn--secondary"}},"footer":{"type":"footer","blocks":{"footer-0":{"type":"text","settings":{"desktop_width":30,"desktop_padding":0,"collapse_on_mobile":false,"title":"","show_title_on_desktop":false,"image_max_width":200,"image_placement":"above_text","show_social_icons":false}},"8c299bda-c00b-4164-a5bd-c856e1201f0e":{"type":"spacer","settings":{"desktop_width":10}},"7fc03fc7-7c3b-41be-b2c1-9301b4c0da98":{"type":"links","settings":{"desktop_width":15,"desktop_padding":4,"collapse_on_mobile":true,"title":"Company","show_title_on_desktop":true}},"2fa54f91-30aa-454a-93b7-4a98ffea3020":{"type":"links","settings":{"desktop_width":15,"desktop_padding":4,"collapse_on_mobile":true,"title":"Links","show_title_on_desktop":true}},"footer-3":{"type":"newsletter","settings":{"desktop_width":30,"desktop_padding":0,"collapse_on_mobile":false,"show_title_on_desktop":true,"text":"","show_social_icons":true}}},"block_order":["footer-0","8c299bda-c00b-4164-a5bd-c856e1201f0e","7fc03fc7-7c3b-41be-b2c1-9301b4c0da98","2fa54f91-30aa-454a-93b7-4a98ffea3020","footer-3"],"settings":{"enable_locale_selector":true,"enable_country_selector":true,"show_payment_icons":true,"additional_copyright_text":""}}}},"Organic":{"color_background_body":"#ffffff","color_text_link":"#102b26","color_text":"#102b26","color_border":"#bdbfbf","color_header_text":"#031612","color_header_bg":"#ffffff","color_text_footer":"#0c231e","color_background_footer":"#ebf0f2","color_background_button":"#113035","color_text_button":"#daf4b1","font_logo":"syne_n7","capitalize_logo":true,"logo_base_size":45,"font_heading":"syne_n4","capitalize_headings":false,"heading_letter_spacing":-10,"heading_base_size":44,"heading_mobile_base_scale":84,"font_body":"dm_sans_n4","body_letter_spacing":0,"body_base_size":16,"body_mobile_base_scale":96,"capitalize_navigation":false,"navigation_letter_spacing":0,"navigation_base_size":16,"product_listing_title_uppercase":false,"product_listing_title_letter_spacing":0,"capitalize_buttons":false,"buttons_letter_spacing":0,"sale_badge_format":"sale_text","custom_product_badge_group_1_tag_names":"Responsible","custom_product_badge_group_1_color":"#3C9342","custom_product_badge_group_2_tag_names":"Best Seller","custom_product_badge_group_2_color":"#01150f","custom_product_badge_group_3_tag_names":"New","custom_product_badge_group_3_color":"#01150f","uppercase_badges":false,"product_listing_show_vendor":false,"product_listing_show_discount":true,"product_listing_discount_format":"percent_off","enable_free_shipping_bar":true,"free_shipping_threshold":"50","quick_search_max_result_size":6,"quick_search_product_style":"list_thumbnails","quick_search_show_vendor":false,"quick_search_suggested_heading":"Quick links","social_facebook_link":"#","social_instagram_link":"#","social_tiktok_link":"#","social_twitter_link":"#","sections":{"announcement-bar":{"type":"announcement-bar","blocks":{"announcement-bar-0":{"type":"announcement","settings":{}},"announcement-bar-1":{"type":"announcement","settings":{}}},"block_order":["announcement-bar-0","announcement-bar-1"],"settings":{"autoplay_enabled":true,"autoplay_delay":4,"color_background":"#f4e3e7","color_text":"#0b073d"}},"header":{"type":"header","blocks":{"128bb530-49f9-440d-8bee-12eff320b9f3":{"type":"full_width_meganav","settings":{"dropdown_parent_link":"Shop","column_count":4,"show_column_borders":true,"show_promo":true,"promo_width":480,"promo_height":420,"secondary_position":"right","focal_point":"center","promo_text":"Newest Releases","link":"shopify:\/\/collections\/all","link_text":"Shop now","text_position":"flex-start_flex-end","text_color":"#ffffff","color_overlay":"#000000","color_overlay_gradient":"linear-gradient(180deg, rgba(0, 0, 0, 0.1) 22%, rgba(0, 0, 0, 1) 96%)","overlay_opacity":48}}},"block_order":["128bb530-49f9-440d-8bee-12eff320b9f3"],"settings":{"layout":"logo-center_nav-left","enable_sticky_header":true,"divider_width":"2px","enable_locale_selector":true,"enable_country_selector":true,"show_social_media":true,"logo_width":110,"mobile_logo_width":80,"menu":"main-menu","secondary_menu":"secondary-menu","enable_transparent_on_home":true,"enable_transparent_on_collection":false,"color_text_transparent":"#0e2c29","color_count_transparent":"#f0ffd9"}},"quick-cart":{"type":"quick-cart","settings":{"enable_quick_cart":true,"show_product_currency":true,"promotion_text":"<p><br\/>Not sure where to start? <br\/>Try these categories:<\/p>","collection_list_button_style":"btn--secondary"}},"footer":{"type":"footer","blocks":{"footer-0":{"type":"text","settings":{"desktop_width":30,"desktop_padding":0,"collapse_on_mobile":false,"title":"","show_title_on_desktop":false,"image_max_width":200,"image_placement":"above_text","show_social_icons":false}},"8c299bda-c00b-4164-a5bd-c856e1201f0e":{"type":"spacer","settings":{"desktop_width":10}},"7fc03fc7-7c3b-41be-b2c1-9301b4c0da98":{"type":"links","settings":{"desktop_width":15,"desktop_padding":4,"collapse_on_mobile":true,"title":"Company","show_title_on_desktop":true}},"2fa54f91-30aa-454a-93b7-4a98ffea3020":{"type":"links","settings":{"desktop_width":15,"desktop_padding":4,"collapse_on_mobile":true,"title":"Links","show_title_on_desktop":true}},"footer-3":{"type":"newsletter","settings":{"desktop_width":30,"desktop_padding":0,"collapse_on_mobile":false,"show_title_on_desktop":true,"text":"","show_social_icons":true}}},"block_order":["footer-0","8c299bda-c00b-4164-a5bd-c856e1201f0e","7fc03fc7-7c3b-41be-b2c1-9301b4c0da98","2fa54f91-30aa-454a-93b7-4a98ffea3020","footer-3"],"settings":{"enable_locale_selector":true,"enable_country_selector":true,"show_payment_icons":true,"additional_copyright_text":""}}}},"Craft":{"color_background_body":"#f4f2f1","color_text_link":"#706b5f","color_text":"#706b5f","color_border":"#c9c5be","color_header_text":"#706b5f","color_header_bg":"#ffffff","color_text_footer":"#686359","color_background_footer":"#efeae9","color_background_button":"#6b5876","color_text_button":"#ffffff","color_products_stock_good":"#798c5e","font_logo":"itc_caslon_no_224_n4","capitalize_logo":false,"logo_base_size":32,"font_heading":"itc_galliard_n4","capitalize_headings":false,"heading_letter_spacing":-10,"heading_base_size":44,"heading_mobile_base_scale":80,"font_body":"basic_commercial_n4","body_letter_spacing":5,"body_base_size":16,"body_mobile_base_scale":100,"capitalize_navigation":false,"navigation_letter_spacing":0,"navigation_base_size":16,"product_listing_title_uppercase":false,"product_listing_title_letter_spacing":0,"capitalize_buttons":true,"buttons_letter_spacing":50,"sale_badge_format":"sale_text","custom_product_badge_group_1_tag_names":"Responsible","custom_product_badge_group_1_color":"#3C9342","custom_product_badge_group_2_tag_names":"Best seller","custom_product_badge_group_2_color":"#7e6b45","custom_product_badge_group_3_tag_names":"New","custom_product_badge_group_3_color":"#000000","custom_product_badge_group_4_tag_names":"","uppercase_badges":false,"product_listing_show_vendor":false,"enable_quick_view":true,"product_listing_aspect_ratio":"square","product_listing_show_discount":false,"product_listing_discount_format":"sale_text","product_listing_show_custom_badges":true,"cart_item_aspect_ratio":"square","enable_free_shipping_bar":true,"free_shipping_threshold":"150","quick_search_max_result_size":6,"quick_search_product_style":"columns","quick_search_show_vendor":false,"sections":{"announcement-bar":{"type":"announcement-bar","blocks":{"announcement-bar-1":{"type":"announcement","settings":{}},"announcement-bar-0":{"type":"announcement","settings":{}}},"block_order":["announcement-bar-1","announcement-bar-0"],"settings":{"autoplay_enabled":true,"autoplay_delay":4,"color_background":"#dfd9d4","color_text":"#48453d"}},"header":{"type":"header","blocks":{"128bb530-49f9-440d-8bee-12eff320b9f3":{"type":"full_width_meganav","settings":{"dropdown_parent_link":"","column_count":2,"show_column_borders":true,"show_promo":true,"promo_width":700,"promo_height":400,"secondary_position":"right","focal_point":"center","link":"shopify:\/\/collections\/all","link_text":"Discover","text_position":"flex-start_flex-end","text_color":"#ffffff","color_overlay":"#000000","color_overlay_gradient":"linear-gradient(180deg, rgba(0, 0, 0, 0.1) 22%, rgba(0, 0, 0, 1) 96%)","overlay_opacity":33}},"c4636010-a86d-4ad7-9118-77e19b973170":{"type":"compact_meganav","settings":{"dropdown_parent_link":"Shop","columns_width":400,"column_count":2,"show_column_borders":false,"show_promo":true,"promo_width":550,"promo_height":330,"secondary_position":"right","focal_point":"bottom","link":"shopify:\/\/collections\/all","link_text":"Shop now","text_position":"flex-start_flex-end","text_color":"#ffffff","color_overlay":"#000000","color_overlay_gradient":"linear-gradient(180deg, rgba(0, 0, 0, 0.15) 22%, rgba(0, 0, 0, 1) 96%)","overlay_opacity":50}},"b06e8b2b-5e77-4d48-b751-f907326ce5c0":{"type":"compact_meganav","settings":{"dropdown_parent_link":"Classes","columns_width":250,"column_count":1,"show_column_borders":true,"show_promo":true,"promo_width":550,"promo_height":330,"secondary_position":"right","focal_point":"center","link":"shopify:\/\/collections\/all","link_text":"Book now","text_position":"flex-start_flex-end","text_color":"#ffffff","color_overlay":"#000000","color_overlay_gradient":"","overlay_opacity":30}}},"block_order":["128bb530-49f9-440d-8bee-12eff320b9f3","c4636010-a86d-4ad7-9118-77e19b973170","b06e8b2b-5e77-4d48-b751-f907326ce5c0"],"settings":{"layout":"logo-center_nav-left","enable_sticky_header":true,"divider_width":"0px","enable_locale_selector":false,"enable_country_selector":false,"show_social_media":false,"logo_width":60,"mobile_logo_width":50,"menu":"main-menu","secondary_menu":"","enable_transparent_on_home":false,"enable_transparent_on_collection":false,"color_text_transparent":"#ffffff","color_count_transparent":"#000000"}},"quick-cart":{"type":"quick-cart","settings":{"enable_quick_cart":true,"show_product_currency":true,"promotion_text":"<p><br\/><br\/>Start with one of these collections:<\/p>","collection_list_button_style":"btn--primary"}},"footer":{"type":"footer","blocks":{"footer-0":{"type":"text","settings":{"desktop_width":30,"desktop_padding":0,"collapse_on_mobile":false,"title":"","show_title_on_desktop":false,"image_max_width":200,"image_placement":"above_text","show_social_icons":false}},"8c299bda-c00b-4164-a5bd-c856e1201f0e":{"type":"spacer","settings":{"desktop_width":10}},"7fc03fc7-7c3b-41be-b2c1-9301b4c0da98":{"type":"links","settings":{"desktop_width":15,"desktop_padding":4,"collapse_on_mobile":true,"title":"Links","show_title_on_desktop":true}},"footer-3":{"type":"newsletter","settings":{"desktop_width":30,"desktop_padding":0,"collapse_on_mobile":false,"show_title_on_desktop":true,"text":"","show_social_icons":true}}},"block_order":["footer-0","8c299bda-c00b-4164-a5bd-c856e1201f0e","7fc03fc7-7c3b-41be-b2c1-9301b4c0da98","footer-3"],"settings":{"enable_locale_selector":true,"enable_country_selector":true,"show_payment_icons":true,"additional_copyright_text":""}}}}},"platform_customizations":{"custom_css":[".image-with-text.image-with-text--justify-center .image-with-text__text-container-inner {margin-right: 0px; margin-left: 0px;}"]}}